1993-01-01,nan,nan,nan,nan
1993-01-02,nan,nan,nan,nan
1993-01-03,nan,nan,nan,nan
1993-01-04,nan,nan,nan,nan
1993-01-05,nan,nan,nan,nan
1993-01-06,nan,nan,nan,nan
1993-01-07,nan,nan,nan,nan
1993-01-08,nan,nan,nan,nan
1993-01-09,nan,nan,nan,nan
1993-01-10,nan,nan,nan,nan
1993-01-11,nan,nan,nan,nan
1993-01-12,nan,nan,nan,nan
1993-01-13,nan,nan,nan,nan
1993-01-14,nan,nan,nan,nan
1993-01-15,nan,nan,nan,nan
1993-01-16,nan,nan,nan,nan
1993-01-17,nan,nan,nan,nan
1993-01-18,nan,nan,nan,nan
1993-01-19,nan,nan,nan,nan
1993-01-20,nan,nan,nan,nan
1993-01-21,nan,nan,nan,nan
1993-01-22,nan,nan,nan,nan
1993-01-23,nan,nan,nan,nan
1993-01-24,nan,nan,nan,nan
1993-01-25,nan,nan,nan,nan
1993-01-26,nan,nan,nan,nan
1993-01-27,nan,nan,nan,nan
1993-01-28,nan,nan,nan,nan
1993-01-29,nan,nan,nan,nan
1993-01-30,nan,nan,nan,nan
1993-01-31,nan,nan,nan,nan
1993-02-01,nan,nan,nan,nan
1993-02-02,nan,nan,nan,nan
1993-02-03,nan,nan,nan,nan
1993-02-04,nan,nan,nan,nan
1993-02-05,nan,nan,nan,nan
1993-02-06,nan,nan,nan,nan
1993-02-07,nan,nan,nan,nan
1993-02-08,nan,nan,nan,nan
1993-02-09,nan,nan,nan,nan
1993-02-10,nan,nan,nan,nan
1993-02-11,nan,nan,nan,nan
1993-02-12,nan,nan,nan,nan
1993-02-13,nan,nan,nan,nan
1993-02-14,nan,nan,nan,nan
1993-02-15,nan,nan,nan,nan
1993-02-16,nan,nan,nan,nan
1993-02-17,nan,nan,nan,nan
1993-02-18,nan,nan,nan,nan
1993-02-19,nan,nan,nan,nan
1993-02-20,nan,nan,nan,nan
1993-02-21,nan,nan,nan,nan
1993-02-22,nan,nan,nan,nan
1993-02-23,nan,nan,nan,nan
1993-02-24,nan,nan,nan,nan
1993-02-25,nan,nan,nan,nan
1993-02-26,nan,nan,nan,nan
1993-02-27,nan,nan,nan,nan
1993-02-28,nan,nan,nan,nan
1993-02-29,nan,nan,nan,nan
1993-02-30,nan,nan,nan,nan
1993-02-31,nan,nan,nan,nan
1993-03-01,nan,nan,nan,nan
1993-03-02,nan,nan,nan,nan
1993-03-03,nan,nan,nan,nan
1993-03-04,nan,nan,nan,nan
1993-03-05,nan,nan,nan,nan
1993-03-06,nan,nan,nan,nan
1993-03-07,nan,nan,nan,nan
1993-03-08,nan,nan,nan,nan
1993-03-09,nan,nan,nan,nan
1993-03-10,nan,nan,nan,nan
1993-03-11,nan,nan,nan,nan
1993-03-12,nan,nan,nan,nan
1993-03-13,nan,nan,nan,nan
1993-03-14,nan,nan,nan,nan
1993-03-15,nan,nan,nan,nan
1993-03-16,nan,nan,nan,nan
1993-03-17,nan,nan,nan,nan
1993-03-18,nan,nan,nan,nan
1993-03-19,nan,nan,nan,nan
1993-03-20,nan,nan,nan,nan
1993-03-21,nan,nan,nan,nan
1993-03-22,nan,nan,nan,nan
1993-03-23,nan,nan,nan,nan
1993-03-24,nan,nan,nan,nan
1993-03-25,nan,nan,nan,nan
1993-03-26,nan,nan,nan,nan
1993-03-27,nan,nan,nan,nan
1993-03-28,nan,nan,nan,nan
1993-03-29,nan,nan,nan,nan
1993-03-30,nan,nan,nan,nan
1993-03-31,nan,nan,nan,nan
1993-04-01,nan,nan,nan,nan
1993-04-02,nan,nan,nan,nan
1993-04-03,nan,nan,nan,nan
1993-04-04,nan,nan,nan,nan
1993-04-05,nan,nan,nan,nan
1993-04-06,nan,nan,nan,nan
1993-04-07,nan,nan,nan,nan
1993-04-08,nan,nan,nan,nan
1993-04-09,nan,nan,nan,nan
1993-04-10,nan,nan,nan,nan
1993-04-11,nan,nan,nan,nan
1993-04-12,nan,nan,nan,nan
1993-04-13,nan,nan,nan,nan
1993-04-14,nan,nan,nan,nan
1993-04-15,nan,nan,nan,nan
1993-04-16,nan,nan,nan,nan
1993-04-17,nan,nan,nan,nan
1993-04-18,nan,nan,nan,nan
1993-04-19,nan,nan,nan,nan
1993-04-20,nan,nan,nan,nan
1993-04-21,nan,nan,nan,nan
1993-04-22,nan,nan,nan,nan
1993-04-23,nan,nan,nan,nan
1993-04-24,nan,nan,nan,nan
1993-04-25,nan,nan,nan,nan
1993-04-26,nan,nan,nan,nan
1993-04-27,nan,nan,nan,nan
1993-04-28,nan,nan,nan,nan
1993-04-29,nan,nan,nan,nan
1993-04-30,nan,nan,nan,nan
1993-04-31,nan,nan,nan,nan
1993-05-01,nan,nan,nan,nan
1993-05-02,nan,nan,nan,nan
1993-05-03,nan,nan,nan,nan
1993-05-04,nan,nan,nan,nan
1993-05-05,nan,nan,nan,nan
1993-05-06,nan,nan,nan,nan
1993-05-07,nan,nan,nan,nan
1993-05-08,nan,nan,nan,nan
1993-05-09,nan,nan,nan,nan
1993-05-10,nan,nan,nan,nan
1993-05-11,nan,nan,nan,nan
1993-05-12,nan,nan,nan,nan
1993-05-13,nan,nan,nan,nan
1993-05-14,nan,nan,nan,nan
1993-05-15,nan,nan,nan,nan
1993-05-16,nan,nan,nan,nan
1993-05-17,nan,nan,nan,nan
1993-05-18,nan,nan,nan,nan
1993-05-19,nan,nan,nan,nan
1993-05-20,nan,nan,nan,nan
1993-05-21,nan,nan,nan,nan
1993-05-22,nan,nan,nan,nan
1993-05-23,nan,nan,nan,nan
1993-05-24,nan,nan,nan,nan
1993-05-25,nan,nan,nan,nan
1993-05-26,nan,nan,nan,nan
1993-05-27,nan,nan,nan,nan
1993-05-28,nan,nan,nan,nan
1993-05-29,nan,nan,nan,nan
1993-05-30,nan,nan,nan,nan
1993-05-31,nan,nan,nan,nan
1993-06-01,nan,nan,nan,nan
1993-06-02,nan,nan,nan,nan
1993-06-03,nan,nan,nan,nan
1993-06-04,nan,nan,nan,nan
1993-06-05,nan,nan,nan,nan
1993-06-06,nan,nan,nan,nan
1993-06-07,nan,nan,nan,nan
1993-06-08,nan,nan,nan,nan
1993-06-09,nan,nan,nan,nan
1993-06-10,nan,nan,nan,nan
1993-06-11,nan,nan,nan,nan
1993-06-12,nan,nan,nan,nan
1993-06-13,nan,nan,nan,nan
1993-06-14,nan,nan,nan,nan
1993-06-15,nan,nan,nan,nan
1993-06-16,nan,nan,nan,nan
1993-06-17,nan,nan,nan,nan
1993-06-18,nan,nan,nan,nan
1993-06-19,nan,nan,nan,nan
1993-06-20,nan,nan,nan,nan
1993-06-21,nan,nan,nan,nan
1993-06-22,nan,nan,nan,nan
1993-06-23,nan,nan,nan,nan
1993-06-24,nan,nan,nan,nan
1993-06-25,nan,nan,nan,nan
1993-06-26,nan,nan,nan,nan
1993-06-27,nan,nan,nan,nan
1993-06-28,nan,nan,nan,nan
1993-06-29,nan,nan,nan,nan
1993-06-30,nan,nan,nan,nan
1993-06-31,nan,nan,nan,nan
1993-07-01,nan,nan,nan,nan
1993-07-02,nan,nan,nan,nan
1993-07-03,nan,nan,nan,nan
1993-07-04,nan,nan,nan,nan
1993-07-05,nan,nan,nan,nan
1993-07-06,nan,nan,nan,nan
1993-07-07,nan,nan,nan,nan
1993-07-08,nan,nan,nan,nan
1993-07-09,nan,nan,nan,nan
1993-07-10,nan,nan,nan,nan
1993-07-11,nan,nan,nan,nan
1993-07-12,nan,nan,nan,nan
1993-07-13,nan,nan,nan,nan
1993-07-14,nan,nan,nan,nan
1993-07-15,nan,nan,nan,nan
1993-07-16,nan,nan,nan,nan
1993-07-17,nan,nan,nan,nan
1993-07-18,nan,nan,nan,nan
1993-07-19,nan,nan,nan,nan
1993-07-20,nan,nan,nan,nan
1993-07-21,nan,nan,nan,nan
1993-07-22,nan,nan,nan,nan
1993-07-23,nan,nan,nan,nan
1993-07-24,nan,nan,nan,nan
1993-07-25,nan,nan,nan,nan
1993-07-26,nan,nan,nan,nan
1993-07-27,nan,nan,nan,nan
1993-07-28,nan,nan,nan,nan
1993-07-29,nan,nan,nan,nan
1993-07-30,nan,nan,nan,nan
1993-07-31,nan,nan,nan,nan
1993-08-01,nan,nan,nan,nan
1993-08-02,nan,nan,nan,nan
1993-08-03,nan,nan,nan,nan
1993-08-04,nan,nan,nan,nan
1993-08-05,nan,nan,nan,nan
1993-08-06,nan,nan,nan,nan
1993-08-07,nan,nan,nan,nan
1993-08-08,nan,nan,nan,nan
1993-08-09,nan,nan,nan,nan
1993-08-10,nan,nan,nan,nan
1993-08-11,nan,nan,nan,nan
1993-08-12,nan,nan,nan,nan
1993-08-13,nan,nan,nan,nan
1993-08-14,nan,nan,nan,nan
1993-08-15,nan,nan,nan,nan
1993-08-16,nan,nan,nan,nan
1993-08-17,nan,nan,nan,nan
1993-08-18,nan,nan,nan,nan
1993-08-19,nan,nan,nan,nan
1993-08-20,nan,nan,nan,nan
1993-08-21,nan,nan,nan,nan
1993-08-22,nan,nan,nan,nan
1993-08-23,nan,nan,nan,nan
1993-08-24,nan,nan,nan,nan
1993-08-25,nan,nan,nan,nan
1993-08-26,nan,nan,nan,nan
1993-08-27,nan,nan,nan,nan
1993-08-28,nan,nan,nan,nan
1993-08-29,nan,nan,nan,nan
1993-08-30,nan,nan,nan,nan
1993-08-31,nan,nan,nan,nan
1993-09-01,nan,nan,nan,nan
1993-09-02,nan,nan,nan,nan
1993-09-03,nan,nan,nan,nan
1993-09-04,nan,nan,nan,nan
1993-09-05,nan,nan,nan,nan
1993-09-06,nan,nan,nan,nan
1993-09-07,nan,nan,nan,nan
1993-09-08,nan,nan,nan,nan
1993-09-09,nan,nan,nan,nan
1993-09-10,nan,nan,nan,nan
1993-09-11,nan,nan,nan,nan
1993-09-12,nan,nan,nan,nan
1993-09-13,nan,nan,nan,nan
1993-09-14,nan,nan,nan,nan
1993-09-15,nan,nan,nan,nan
1993-09-16,nan,nan,nan,nan
1993-09-17,nan,nan,nan,nan
1993-09-18,nan,nan,nan,nan
1993-09-19,nan,nan,nan,nan
1993-09-20,nan,nan,nan,nan
1993-09-21,nan,nan,nan,nan
1993-09-22,nan,nan,nan,nan
1993-09-23,nan,nan,nan,nan
1993-09-24,nan,nan,nan,nan
1993-09-25,nan,nan,nan,nan
1993-09-26,nan,nan,nan,nan
1993-09-27,nan,nan,nan,nan
1993-09-28,nan,nan,nan,nan
1993-09-29,nan,nan,nan,nan
1993-09-30,nan,nan,nan,nan
1993-09-31,nan,nan,nan,nan
1993-10-01,nan,nan,nan,nan
1993-10-02,nan,nan,nan,nan
1993-10-03,nan,nan,nan,nan
1993-10-04,nan,nan,nan,nan
1993-10-05,nan,nan,nan,nan
1993-10-06,nan,nan,nan,nan
1993-10-07,nan,nan,nan,nan
1993-10-08,nan,nan,nan,nan
1993-10-09,nan,nan,nan,nan
1993-10-10,nan,nan,nan,nan
1993-10-11,nan,nan,nan,nan
1993-10-12,nan,nan,nan,nan
1993-10-13,nan,nan,nan,nan
1993-10-14,nan,nan,nan,nan
1993-10-15,nan,nan,nan,nan
1993-10-16,nan,nan,nan,nan
1993-10-17,nan,nan,nan,nan
1993-10-18,nan,nan,nan,nan
1993-10-19,nan,nan,nan,nan
1993-10-20,nan,nan,nan,nan
1993-10-21,nan,nan,nan,nan
1993-10-22,nan,nan,nan,nan
1993-10-23,nan,nan,nan,nan
1993-10-24,nan,nan,nan,nan
1993-10-25,nan,nan,nan,nan
1993-10-26,nan,nan,nan,nan
1993-10-27,nan,nan,nan,nan
1993-10-28,nan,nan,nan,nan
1993-10-29,nan,nan,nan,nan
1993-10-30,nan,nan,nan,nan
1993-10-31,nan,nan,nan,nan
1993-11-01,nan,nan,nan,nan
1993-11-02,nan,nan,nan,nan
1993-11-03,nan,nan,nan,nan
1993-11-04,nan,nan,nan,nan
1993-11-05,nan,nan,nan,nan
1993-11-06,nan,nan,nan,nan
1993-11-07,nan,nan,nan,nan
1993-11-08,nan,nan,nan,nan
1993-11-09,nan,nan,nan,nan
1993-11-10,nan,nan,nan,nan
1993-11-11,nan,nan,nan,nan
1993-11-12,nan,nan,nan,nan
1993-11-13,nan,nan,nan,nan
1993-11-14,nan,nan,nan,nan
1993-11-15,nan,nan,nan,nan
1993-11-16,nan,nan,nan,nan
1993-11-17,nan,nan,nan,nan
1993-11-18,nan,nan,nan,nan
1993-11-19,nan,nan,nan,nan
1993-11-20,nan,nan,nan,nan
1993-11-21,nan,nan,nan,nan
1993-11-22,nan,nan,nan,nan
1993-11-23,nan,nan,nan,nan
1993-11-24,nan,nan,nan,nan
1993-11-25,nan,nan,nan,nan
1993-11-26,nan,nan,nan,nan
1993-11-27,nan,nan,nan,nan
1993-11-28,nan,nan,nan,nan
1993-11-29,nan,nan,nan,nan
1993-11-30,nan,nan,nan,nan
1993-11-31,nan,nan,nan,nan
1993-12-01,nan,nan,nan,nan
1993-12-02,nan,nan,nan,nan
1993-12-03,nan,nan,nan,nan
1993-12-04,nan,nan,nan,nan
1993-12-05,nan,nan,nan,nan
1993-12-06,nan,nan,nan,nan
1993-12-07,nan,nan,nan,nan
1993-12-08,nan,nan,nan,nan
1993-12-09,nan,nan,nan,nan
1993-12-10,nan,nan,nan,nan
1993-12-11,nan,nan,nan,nan
1993-12-12,nan,nan,nan,nan
1993-12-13,nan,nan,nan,nan
1993-12-14,nan,nan,nan,nan
1993-12-15,nan,nan,nan,nan
1993-12-16,nan,nan,nan,nan
1993-12-17,nan,nan,nan,nan
1993-12-18,nan,nan,nan,nan
1993-12-19,nan,nan,nan,nan
1993-12-20,nan,nan,nan,nan
1993-12-21,nan,nan,nan,nan
1993-12-22,nan,nan,nan,nan
1993-12-23,nan,nan,nan,nan
1993-12-24,nan,nan,nan,nan
1993-12-25,nan,nan,nan,nan
1993-12-26,nan,nan,nan,nan
1993-12-27,nan,nan,nan,nan
1993-12-28,nan,nan,nan,nan
1993-12-29,nan,nan,nan,nan
1993-12-30,nan,nan,nan,nan
1993-12-31,nan,nan,nan,nan
1994-01-01,nan,nan,nan,nan
1994-01-02,nan,nan,nan,nan
1994-01-03,nan,nan,nan,nan
1994-01-04,nan,nan,nan,nan
1994-01-05,nan,nan,nan,nan
1994-01-06,nan,nan,nan,nan
1994-01-07,nan,nan,nan,nan
1994-01-08,nan,nan,nan,nan
1994-01-09,nan,nan,nan,nan
1994-01-10,nan,nan,nan,nan
1994-01-11,nan,nan,nan,nan
1994-01-12,nan,nan,nan,nan
1994-01-13,nan,nan,nan,nan
1994-01-14,nan,nan,nan,nan
1994-01-15,nan,nan,nan,nan
1994-01-16,nan,nan,nan,nan
1994-01-17,nan,nan,nan,nan
1994-01-18,nan,nan,nan,nan
1994-01-19,nan,nan,nan,nan
1994-01-20,nan,nan,nan,nan
1994-01-21,nan,nan,nan,nan
1994-01-22,nan,nan,nan,nan
1994-01-23,nan,nan,nan,nan
1994-01-24,nan,nan,nan,nan
1994-01-25,nan,nan,nan,nan
1994-01-26,nan,nan,nan,nan
1994-01-27,nan,nan,nan,nan
1994-01-28,nan,nan,nan,nan
1994-01-29,nan,nan,nan,nan
1994-01-30,nan,nan,nan,nan
1994-01-31,nan,nan,nan,nan
1994-02-01,nan,nan,nan,nan
1994-02-02,nan,nan,nan,nan
1994-02-03,nan,nan,nan,nan
1994-02-04,nan,nan,nan,nan
1994-02-05,nan,nan,nan,nan
1994-02-06,nan,nan,nan,nan
1994-02-07,nan,nan,nan,nan
1994-02-08,nan,nan,nan,nan
1994-02-09,nan,nan,nan,nan
1994-02-10,nan,nan,nan,nan
1994-02-11,nan,nan,nan,nan
1994-02-12,nan,nan,nan,nan
1994-02-13,nan,nan,nan,nan
1994-02-14,nan,nan,nan,nan
1994-02-15,nan,nan,nan,nan
1994-02-16,nan,nan,nan,nan
1994-02-17,nan,nan,nan,nan
1994-02-18,nan,nan,nan,nan
1994-02-19,nan,nan,nan,nan
1994-02-20,nan,nan,nan,nan
1994-02-21,nan,nan,nan,nan
1994-02-22,nan,nan,nan,nan
1994-02-23,nan,nan,nan,nan
1994-02-24,nan,nan,nan,nan
1994-02-25,nan,nan,nan,nan
1994-02-26,nan,nan,nan,nan
1994-02-27,nan,nan,nan,nan
1994-02-28,nan,nan,nan,nan
1994-02-29,nan,nan,nan,nan
1994-02-30,nan,nan,nan,nan
1994-02-31,nan,nan,nan,nan
1994-03-01,nan,nan,nan,nan
1994-03-02,nan,nan,nan,nan
1994-03-03,nan,nan,nan,nan
1994-03-04,nan,nan,nan,nan
1994-03-05,nan,nan,nan,nan
1994-03-06,nan,nan,nan,nan
1994-03-07,nan,nan,nan,nan
1994-03-08,nan,nan,nan,nan
1994-03-09,nan,nan,nan,nan
1994-03-10,nan,nan,nan,nan
1994-03-11,nan,nan,nan,nan
1994-03-12,nan,nan,nan,nan
1994-03-13,nan,nan,nan,nan
1994-03-14,nan,nan,nan,nan
1994-03-15,nan,nan,nan,nan
1994-03-16,nan,nan,nan,nan
1994-03-17,nan,nan,nan,nan
1994-03-18,nan,nan,nan,nan
1994-03-19,nan,nan,nan,nan
1994-03-20,nan,nan,nan,nan
1994-03-21,nan,nan,nan,nan
1994-03-22,nan,nan,nan,nan
1994-03-23,nan,nan,nan,nan
1994-03-24,nan,nan,nan,nan
1994-03-25,nan,nan,nan,nan
1994-03-26,nan,nan,nan,nan
1994-03-27,nan,nan,nan,nan
1994-03-28,nan,nan,nan,nan
1994-03-29,nan,nan,nan,nan
1994-03-30,nan,nan,nan,nan
1994-03-31,nan,nan,nan,nan
1994-04-01,nan,nan,nan,nan
1994-04-02,nan,nan,nan,nan
1994-04-03,nan,nan,nan,nan
1994-04-04,nan,nan,nan,nan
1994-04-05,nan,nan,nan,nan
1994-04-06,nan,nan,nan,nan
1994-04-07,nan,nan,nan,nan
1994-04-08,nan,nan,nan,nan
1994-04-09,nan,nan,nan,nan
1994-04-10,nan,nan,nan,nan
1994-04-11,nan,nan,nan,nan
1994-04-12,nan,nan,nan,nan
1994-04-13,nan,nan,nan,nan
1994-04-14,nan,nan,nan,nan
1994-04-15,nan,nan,nan,nan
1994-04-16,nan,nan,nan,nan
1994-04-17,nan,nan,nan,nan
1994-04-18,nan,nan,nan,nan
1994-04-19,nan,nan,nan,nan
1994-04-20,nan,nan,nan,nan
1994-04-21,nan,nan,nan,nan
1994-04-22,nan,nan,nan,nan
1994-04-23,nan,nan,45.8891418685,14.3283729785
1994-04-24,nan,nan,45.8707180244,14.3717452361
1994-04-25,nan,nan,45.8665880979,14.3985172069
1994-04-26,nan,nan,45.8869491947,14.4121482528
1994-04-27,nan,nan,nan,nan
1994-04-28,nan,nan,45.87475943,14.4125988361
1994-04-29,nan,nan,45.8895650575,14.4047117592
1994-04-30,nan,nan,nan,nan
1994-04-31,nan,nan,nan,nan
1994-05-01,nan,nan,45.8864510248,14.4115092917
1994-05-02,nan,nan,nan,nan
1994-05-03,nan,nan,nan,nan
1994-05-04,nan,nan,nan,nan
1994-05-05,nan,nan,nan,nan
1994-05-06,nan,nan,nan,nan
1994-05-07,nan,nan,45.83632009,14.5140544398
1994-05-08,nan,nan,nan,nan
1994-05-09,nan,nan,nan,nan
1994-05-10,nan,nan,nan,nan
1994-05-11,nan,nan,nan,nan
1994-05-12,nan,nan,45.8682684589,14.3762808762
1994-05-13,nan,nan,45.8591243455,14.3908708866
1994-05-14,nan,nan,nan,nan
1994-05-15,nan,nan,nan,nan
1994-05-16,nan,nan,45.9044977285,14.3007997542
1994-05-17,nan,nan,nan,nan
1994-05-18,nan,nan,45.9313730575,14.2817647509
1994-05-19,nan,nan,nan,nan
1994-05-20,nan,nan,nan,nan
1994-05-21,nan,nan,45.9130093467,14.2948921577
1994-05-22,nan,nan,nan,nan
1994-05-23,nan,nan,nan,nan
1994-05-24,nan,nan,45.8704372978,14.4033059197
1994-05-25,nan,nan,nan,nan
1994-05-26,nan,nan,nan,nan
1994-05-27,nan,nan,nan,nan
1994-05-28,nan,nan,nan,nan
1994-05-29,nan,nan,45.8697862803,14.4078854526
1994-05-30,nan,nan,nan,nan
1994-05-31,nan,nan,nan,nan
1994-06-01,nan,nan,nan,nan
1994-06-02,nan,nan,nan,nan
1994-06-03,nan,nan,45.8413341539,14.3466500911
1994-06-04,nan,nan,nan,nan
1994-06-05,nan,nan,45.8804906939,14.3494120156
1994-06-06,nan,nan,nan,nan
1994-06-07,nan,nan,nan,nan
1994-06-08,nan,nan,45.8781367516,14.4132073694
1994-06-09,nan,nan,nan,nan
1994-06-10,nan,nan,45.9008959383,14.3781709671
1994-06-11,nan,nan,nan,nan
1994-06-12,nan,nan,nan,nan
1994-06-13,nan,nan,45.848762447,14.3475287955
1994-06-14,nan,nan,nan,nan
1994-06-15,nan,nan,nan,nan
1994-06-16,nan,nan,45.8260417717,14.388014229
1994-06-17,nan,nan,nan,nan
1994-06-18,nan,nan,45.9140456135,14.2806992478
1994-06-19,nan,nan,45.9318188559,14.2811142547
1994-06-20,nan,nan,45.9340762208,14.2823746225
1994-06-21,nan,nan,45.8942913255,14.36342563
1994-06-22,nan,nan,45.8988408843,14.2953937049
1994-06-23,nan,nan,45.8534675991,14.3442545972
1994-06-24,nan,nan,nan,nan
1994-06-25,nan,nan,45.8485375145,14.3475314255
1994-06-26,nan,nan,nan,nan
1994-06-27,nan,nan,nan,nan
1994-06-28,nan,nan,nan,nan
1994-06-29,nan,nan,45.8717411697,14.3945973447
1994-06-30,nan,nan,45.8717751088,14.4010374407
1994-06-31,nan,nan,nan,nan
1994-07-01,nan,nan,nan,nan
1994-07-02,nan,nan,nan,nan
1994-07-03,nan,nan,nan,nan
1994-07-04,nan,nan,nan,nan
1994-07-05,nan,nan,45.8536248843,14.3722596592
1994-07-06,nan,nan,45.8783728062,14.3729472162
1994-07-07,nan,nan,nan,nan
1994-07-08,nan,nan,nan,nan
1994-07-09,nan,nan,45.8803918915,14.3719582838
1994-07-10,nan,nan,nan,nan
1994-07-11,nan,nan,nan,nan
1994-07-12,nan,nan,45.873646198,14.3327461134
1994-07-13,nan,nan,45.915391739,14.3167767262
1994-07-14,nan,nan,nan,nan
1994-07-15,nan,nan,nan,nan
1994-07-16,nan,nan,45.8813977465,14.3506897441
1994-07-17,nan,nan,nan,nan
1994-07-18,nan,nan,nan,nan
1994-07-19,nan,nan,45.9188040216,14.3231807527
1994-07-20,nan,nan,45.8979367917,14.3321330443
1994-07-21,nan,nan,45.8743584173,14.3391783546
1994-07-22,nan,nan,45.867126174,14.373073688
1994-07-23,nan,nan,nan,nan
1994-07-24,nan,nan,nan,nan
1994-07-25,nan,nan,45.8515499685,14.3239970195
1994-07-26,nan,nan,nan,nan
1994-07-27,nan,nan,45.8491679393,14.3397986265
1994-07-28,nan,nan,45.8822475308,14.3822440555
1994-07-29,nan,nan,nan,nan
1994-07-30,nan,nan,45.8804775357,14.3877389219
1994-07-31,nan,nan,45.8768444698,14.4244928085
1994-08-01,nan,nan,nan,nan
1994-08-02,nan,nan,45.850169588,14.3990161098
1994-08-03,nan,nan,nan,nan
1994-08-04,nan,nan,nan,nan
1994-08-05,nan,nan,45.8693790338,14.3736923788
1994-08-06,nan,nan,45.877017906,14.3719962958
1994-08-07,nan,nan,45.8645248556,14.3119264533
1994-08-08,nan,nan,nan,nan
1994-08-09,nan,nan,nan,nan
1994-08-10,nan,nan,45.8774775359,14.3339884808
1994-08-11,nan,nan,nan,nan
1994-08-12,nan,nan,45.876994821,14.3678098613
1994-08-13,nan,nan,nan,nan
1994-08-14,nan,nan,45.9153840248,14.3154877187
1994-08-15,nan,nan,nan,nan
1994-08-16,nan,nan,45.8610228273,14.3676689503
1994-08-17,nan,nan,nan,nan
1994-08-18,nan,nan,45.8650033752,14.3966023935
1994-08-19,nan,nan,45.8808346684,14.3706649925
1994-08-20,nan,nan,nan,nan
1994-08-21,nan,nan,45.8770285089,14.373928498
1994-08-22,nan,nan,nan,nan
1994-08-23,nan,nan,nan,nan
1994-08-24,nan,nan,nan,nan
1994-08-25,nan,nan,nan,nan
1994-08-26,nan,nan,45.8745112317,14.4080929049
1994-08-27,nan,nan,nan,nan
1994-08-28,nan,nan,nan,nan
1994-08-29,nan,nan,45.867145551,14.376615432
1994-08-30,nan,nan,45.8679121758,14.3936729119
1994-08-31,nan,nan,nan,nan
1994-09-01,nan,nan,nan,nan
1994-09-02,nan,nan,nan,nan
1994-09-03,nan,nan,nan,nan
1994-09-04,nan,nan,nan,nan
1994-09-05,nan,nan,45.8616191487,14.3947072173
1994-09-06,nan,nan,nan,nan
1994-09-07,nan,nan,nan,nan
1994-09-08,nan,nan,45.8684145722,14.4036495676
1994-09-09,nan,nan,45.8746874096,14.3987518734
1994-09-10,nan,nan,nan,nan
1994-09-11,nan,nan,nan,nan
1994-09-12,nan,nan,nan,nan
1994-09-13,nan,nan,nan,nan
1994-09-14,nan,nan,45.8832919841,14.4096101094
1994-09-15,nan,nan,nan,nan
1994-09-16,nan,nan,nan,nan
1994-09-17,nan,nan,nan,nan
1994-09-18,nan,nan,nan,nan
1994-09-19,nan,nan,45.8689045099,14.4113724872
1994-09-20,nan,nan,nan,nan
1994-09-21,nan,nan,45.871841898,14.413917667
1994-09-22,nan,nan,45.8702507968,14.4107142468
1994-09-23,nan,nan,nan,nan
1994-09-24,nan,nan,45.8980899417,14.3588717678
1994-09-25,nan,nan,nan,nan
1994-09-26,nan,nan,45.8736164954,14.4090685054
1994-09-27,nan,nan,45.8805811089,14.4073843044
1994-09-28,nan,nan,nan,nan
1994-09-29,nan,nan,nan,nan
1994-09-30,nan,nan,nan,nan
1994-09-31,nan,nan,nan,nan
1994-10-01,nan,nan,nan,nan
1994-10-02,nan,nan,nan,nan
1994-10-03,nan,nan,nan,nan
1994-10-04,nan,nan,45.8672999674,14.4055934712
1994-10-05,nan,nan,nan,nan
1994-10-06,nan,nan,45.8686310928,14.4020372268
1994-10-07,nan,nan,nan,nan
1994-10-08,nan,nan,nan,nan
1994-10-09,nan,nan,nan,nan
1994-10-10,nan,nan,45.8626486446,14.376987665
1994-10-11,nan,nan,45.8672628998,14.3985099288
1994-10-12,nan,nan,nan,nan
1994-10-13,nan,nan,45.8645738438,14.4004708203
1994-10-14,nan,nan,45.8740746789,14.4106738315
1994-10-15,nan,nan,45.8700008521,14.4058866938
1994-10-16,nan,nan,45.8740412817,14.4042334586
1994-10-17,nan,nan,45.8753824785,14.4026089061
1994-10-18,nan,nan,45.8774219985,14.4054855532
1994-10-19,nan,nan,45.869062371,14.398490519
1994-10-20,nan,nan,45.8608736635,14.381514935
1994-10-21,nan,nan,nan,nan
1994-10-22,nan,nan,45.8695173196,14.399451642
1994-10-23,nan,nan,nan,nan
1994-10-24,nan,nan,nan,nan
1994-10-25,nan,nan,nan,nan
1994-10-26,nan,nan,45.8679596587,14.4026884289
1994-10-27,nan,nan,nan,nan
1994-10-28,nan,nan,nan,nan
1994-10-29,nan,nan,45.8991814344,14.3143981241
1994-10-30,nan,nan,45.8609135028,14.3889195854
1994-10-31,nan,nan,45.8699519198,14.3965488471
1994-11-01,nan,nan,45.870411974,14.3984759605
1994-11-02,nan,nan,45.856719666,14.4040965318
1994-11-03,nan,nan,45.869955319,14.3971928358
1994-11-04,nan,nan,45.8693092631,14.4026739725
1994-11-05,nan,nan,nan,nan
1994-11-06,nan,nan,nan,nan
1994-11-07,nan,nan,nan,nan
1994-11-08,nan,nan,nan,nan
1994-11-09,nan,nan,nan,nan
1994-11-10,nan,nan,nan,nan
1994-11-11,nan,nan,nan,nan
1994-11-12,nan,nan,nan,nan
1994-11-13,nan,nan,45.8681913181,14.4039739576
1994-11-14,nan,nan,45.8571510128,14.4005505976
1994-11-15,nan,nan,nan,nan
1994-11-16,nan,nan,nan,nan
1994-11-17,nan,nan,nan,nan
1994-11-18,nan,nan,45.8681913181,14.4039739576
1994-11-19,nan,nan,45.8679478547,14.4004345475
1994-11-20,nan,nan,nan,nan
1994-11-21,nan,nan,45.8652486462,14.4004635662
1994-11-22,nan,nan,45.8690809608,14.4020324028
1994-11-23,nan,nan,nan,nan
1994-11-24,nan,nan,45.8693058949,14.4020299907
1994-11-25,nan,nan,nan,nan
1994-11-26,nan,nan,nan,nan
1994-11-27,nan,nan,nan,nan
1994-11-28,nan,nan,45.8693143086,14.4036399455
1994-11-29,nan,nan,nan,nan
1994-11-30,nan,nan,nan,nan
1994-11-31,nan,nan,nan,nan
1994-12-01,nan,nan,nan,nan
1994-12-02,nan,nan,nan,nan
1994-12-03,nan,nan,nan,nan
1994-12-04,nan,nan,nan,nan
1994-12-05,nan,nan,nan,nan
1994-12-06,nan,nan,nan,nan
1994-12-07,nan,nan,45.8695375617,14.4033155476
1994-12-08,nan,nan,nan,nan
1994-12-09,nan,nan,nan,nan
1994-12-10,nan,nan,nan,nan
1994-12-11,nan,nan,nan,nan
1994-12-12,nan,nan,nan,nan
1994-12-13,nan,nan,nan,nan
1994-12-14,nan,nan,nan,nan
1994-12-15,nan,nan,nan,nan
1994-12-16,nan,nan,nan,nan
1994-12-17,nan,nan,nan,nan
1994-12-18,nan,nan,nan,nan
1994-12-19,nan,nan,nan,nan
1994-12-20,nan,nan,nan,nan
1994-12-21,nan,nan,nan,nan
1994-12-22,nan,nan,nan,nan
1994-12-23,nan,nan,nan,nan
1994-12-24,nan,nan,nan,nan
1994-12-25,nan,nan,nan,nan
1994-12-26,nan,nan,nan,nan
1994-12-27,nan,nan,nan,nan
1994-12-28,nan,nan,nan,nan
1994-12-29,nan,nan,nan,nan
1994-12-30,nan,nan,nan,nan
1994-12-31,nan,nan,nan,nan
1995-01-01,nan,nan,nan,nan
1995-01-02,nan,nan,nan,nan
1995-01-03,nan,nan,nan,nan
1995-01-04,nan,nan,nan,nan
1995-01-05,nan,nan,nan,nan
1995-01-06,nan,nan,nan,nan
1995-01-07,nan,nan,nan,nan
1995-01-08,nan,nan,nan,nan
1995-01-09,nan,nan,nan,nan
1995-01-10,nan,nan,nan,nan
1995-01-11,nan,nan,nan,nan
1995-01-12,nan,nan,45.8697641767,14.4036351343
1995-01-13,nan,nan,nan,nan
1995-01-14,nan,nan,nan,nan
1995-01-15,nan,nan,nan,nan
1995-01-16,nan,nan,nan,nan
1995-01-17,nan,nan,nan,nan
1995-01-18,nan,nan,45.8690893745,14.4036423511
1995-01-19,nan,nan,nan,nan
1995-01-20,nan,nan,nan,nan
1995-01-21,nan,nan,nan,nan
1995-01-22,nan,nan,nan,nan
1995-01-23,nan,nan,nan,nan
1995-01-24,nan,nan,nan,nan
1995-01-25,nan,nan,nan,nan
1995-01-26,nan,nan,45.8711137808,14.4036206999
1995-01-27,nan,nan,nan,nan
1995-01-28,nan,nan,nan,nan
1995-01-29,nan,nan,nan,nan
1995-01-30,nan,nan,nan,nan
1995-01-31,nan,nan,nan,nan
1995-02-01,nan,nan,nan,nan
1995-02-02,nan,nan,nan,nan
1995-02-03,nan,nan,45.8704406589,14.4039499147
1995-02-04,nan,nan,nan,nan
1995-02-05,nan,nan,nan,nan
1995-02-06,nan,nan,nan,nan
1995-02-07,nan,nan,nan,nan
1995-02-08,nan,nan,nan,nan
1995-02-09,nan,nan,nan,nan
1995-02-10,nan,nan,nan,nan
1995-02-11,nan,nan,nan,nan
1995-02-12,nan,nan,nan,nan
1995-02-13,nan,nan,nan,nan
1995-02-14,nan,nan,nan,nan
1995-02-15,nan,nan,nan,nan
1995-02-16,nan,nan,nan,nan
1995-02-17,nan,nan,nan,nan
1995-02-18,nan,nan,nan,nan
1995-02-19,nan,nan,nan,nan
1995-02-20,nan,nan,nan,nan
1995-02-21,nan,nan,nan,nan
1995-02-22,nan,nan,nan,nan
1995-02-23,nan,nan,nan,nan
1995-02-24,nan,nan,nan,nan
1995-02-25,nan,nan,nan,nan
1995-02-26,nan,nan,nan,nan
1995-02-27,nan,nan,nan,nan
1995-02-28,nan,nan,nan,nan
1995-02-29,nan,nan,nan,nan
1995-02-30,nan,nan,nan,nan
1995-02-31,nan,nan,nan,nan
1995-03-01,nan,nan,nan,nan
1995-03-02,nan,nan,nan,nan
1995-03-03,nan,nan,nan,nan
1995-03-04,nan,nan,nan,nan
1995-03-05,nan,nan,nan,nan
1995-03-06,nan,nan,nan,nan
1995-03-07,nan,nan,nan,nan
1995-03-08,nan,nan,nan,nan
1995-03-09,nan,nan,nan,nan
1995-03-10,nan,nan,nan,nan
1995-03-11,nan,nan,nan,nan
1995-03-12,nan,nan,nan,nan
1995-03-13,nan,nan,45.8704406589,14.4039499147
1995-03-14,nan,nan,nan,nan
1995-03-15,nan,nan,nan,nan
1995-03-16,nan,nan,nan,nan
1995-03-17,nan,nan,nan,nan
1995-03-18,nan,nan,nan,nan
1995-03-19,nan,nan,nan,nan
1995-03-20,nan,nan,nan,nan
1995-03-21,nan,nan,nan,nan
1995-03-22,nan,nan,nan,nan
1995-03-23,nan,nan,nan,nan
1995-03-24,nan,nan,nan,nan
1995-03-25,nan,nan,nan,nan
1995-03-26,nan,nan,nan,nan
1995-03-27,nan,nan,nan,nan
1995-03-28,nan,nan,nan,nan
1995-03-29,nan,nan,nan,nan
1995-03-30,nan,nan,nan,nan
1995-03-31,nan,nan,45.8736081576,14.4074584248
1995-04-01,nan,nan,nan,nan
1995-04-02,nan,nan,45.8736081576,14.4074584248
1995-04-03,nan,nan,nan,nan
1995-04-04,nan,nan,nan,nan
1995-04-05,nan,nan,nan,nan
1995-04-06,nan,nan,45.8736081576,14.4074584248
1995-04-07,nan,nan,45.8736081576,14.4074584248
1995-04-08,nan,nan,45.8736081576,14.4074584248
1995-04-09,nan,nan,nan,nan
1995-04-10,nan,nan,45.8736081576,14.4074584248
1995-04-11,nan,nan,45.8736081576,14.4074584248
1995-04-12,nan,nan,nan,nan
1995-04-13,nan,nan,nan,nan
1995-04-14,nan,nan,nan,nan
1995-04-15,nan,nan,nan,nan
1995-04-16,nan,nan,nan,nan
1995-04-17,nan,nan,nan,nan
1995-04-18,nan,nan,nan,nan
1995-04-19,nan,nan,nan,nan
1995-04-20,nan,nan,nan,nan
1995-04-21,nan,nan,45.8736081576,14.4074584248
1995-04-22,nan,nan,nan,nan
1995-04-23,nan,nan,nan,nan
1995-04-24,nan,nan,45.8665982506,14.4004490574
1995-04-25,nan,nan,45.8663733165,14.4004514756
1995-04-26,nan,nan,45.8663733165,14.4004514756
1995-04-27,nan,nan,45.8663733165,14.4004514756
1995-04-28,nan,nan,45.8627008979,14.386646207
1995-04-29,nan,nan,45.8699091244,14.3884989988
1995-04-30,nan,nan,nan,nan
1995-04-31,nan,nan,nan,nan
1995-05-01,nan,nan,nan,nan
1995-05-02,nan,nan,45.8858568841,14.3841366755
1995-05-03,nan,nan,nan,nan
1995-05-04,nan,nan,nan,nan
1995-05-05,nan,nan,45.887889946,14.3857247892
1995-05-06,nan,nan,nan,nan
1995-05-07,nan,nan,nan,nan
1995-05-08,nan,nan,nan,nan
1995-05-09,nan,nan,nan,nan
1995-05-10,nan,nan,45.8811712617,14.3912741546
1995-05-11,nan,nan,nan,nan
1995-05-12,nan,nan,nan,nan
1995-05-13,nan,nan,nan,nan
1995-05-14,nan,nan,nan,nan
1995-05-15,nan,nan,45.8831157728,14.3764368342
1995-05-16,nan,nan,45.8761813015,14.3835994737
1995-05-17,nan,nan,45.8784375725,14.3848627723
1995-05-18,nan,nan,nan,nan
1995-05-19,nan,nan,45.8779842376,14.3842236565
1995-05-20,nan,nan,45.8775343717,14.3842286258
1995-05-21,nan,nan,45.8771052651,14.388098014
1995-05-22,nan,nan,nan,nan
1995-05-23,nan,nan,45.8757331722,14.3839264746
1995-05-24,nan,nan,45.8817941814,14.3816049178
1995-05-25,nan,nan,nan,nan
1995-05-26,nan,nan,nan,nan
1995-05-27,nan,nan,nan,nan
1995-05-28,nan,nan,nan,nan
1995-05-29,nan,nan,nan,nan
1995-05-30,nan,nan,45.8793338349,14.384208748
1995-05-31,nan,nan,45.8759459294,14.3816697921
1995-06-01,nan,nan,nan,nan
1995-06-02,nan,nan,45.8840487327,14.3825461853
1995-06-03,nan,nan,nan,nan
1995-06-04,nan,nan,nan,nan
1995-06-05,nan,nan,nan,nan
1995-06-06,nan,nan,45.8775326358,14.3839065884
1995-06-07,nan,nan,45.8775326358,14.3839065884
1995-06-08,nan,nan,45.8876528708,14.3834725975
1995-06-09,nan,nan,45.8779807649,14.3835795767
1995-06-10,nan,nan,nan,nan
1995-06-11,nan,nan,45.8892550888,14.3886088588
1995-06-12,nan,nan,nan,nan
1995-06-13,nan,nan,45.8793338349,14.384208748
1995-06-14,nan,nan,nan,nan
1995-06-15,nan,nan,nan,nan
1995-06-16,nan,nan,nan,nan
1995-06-17,nan,nan,nan,nan
1995-06-18,nan,nan,nan,nan
1995-06-19,nan,nan,nan,nan
1995-06-20,nan,nan,nan,nan
1995-06-21,nan,nan,nan,nan
1995-06-22,nan,nan,nan,nan
1995-06-23,nan,nan,nan,nan
1995-06-24,nan,nan,nan,nan
1995-06-25,nan,nan,nan,nan
1995-06-26,nan,nan,nan,nan
1995-06-27,nan,nan,45.9128788128,14.3103623424
1995-06-28,nan,nan,45.9189809465,14.3151211923
1995-06-29,nan,nan,45.9149457337,14.3174267457
1995-06-30,nan,nan,nan,nan
1995-06-31,nan,nan,nan,nan
1995-07-01,nan,nan,nan,nan
1995-07-02,nan,nan,nan,nan
1995-07-03,nan,nan,nan,nan
1995-07-04,nan,nan,nan,nan
1995-07-05,nan,nan,45.9210667702,14.2883439235
1995-07-06,nan,nan,nan,nan
1995-07-07,nan,nan,45.915016332,14.3293499961
1995-07-08,nan,nan,nan,nan
1995-07-09,nan,nan,nan,nan
1995-07-10,nan,nan,nan,nan
1995-07-11,nan,nan,45.9160618324,14.2793840791
1995-07-12,nan,nan,nan,nan
1995-07-13,nan,nan,45.9323291351,14.2907788744
1995-07-14,nan,nan,nan,nan
1995-07-15,nan,nan,45.9152346936,14.2909966766
1995-07-16,nan,nan,nan,nan
1995-07-17,nan,nan,nan,nan
1995-07-18,nan,nan,nan,nan
1995-07-19,nan,nan,nan,nan
1995-07-20,nan,nan,nan,nan
1995-07-21,nan,nan,nan,nan
1995-07-22,nan,nan,nan,nan
1995-07-23,nan,nan,nan,nan
1995-07-24,nan,nan,nan,nan
1995-07-25,nan,nan,nan,nan
1995-07-26,nan,nan,nan,nan
1995-07-27,nan,nan,nan,nan
1995-07-28,nan,nan,nan,nan
1995-07-29,nan,nan,nan,nan
1995-07-30,nan,nan,nan,nan
1995-07-31,nan,nan,nan,nan
1995-08-01,nan,nan,nan,nan
1995-08-02,nan,nan,nan,nan
1995-08-03,nan,nan,nan,nan
1995-08-04,nan,nan,nan,nan
1995-08-05,nan,nan,nan,nan
1995-08-06,nan,nan,nan,nan
1995-08-07,nan,nan,nan,nan
1995-08-08,nan,nan,nan,nan
1995-08-09,nan,nan,nan,nan
1995-08-10,nan,nan,nan,nan
1995-08-11,nan,nan,nan,nan
1995-08-12,nan,nan,nan,nan
1995-08-13,nan,nan,nan,nan
1995-08-14,nan,nan,nan,nan
1995-08-15,nan,nan,nan,nan
1995-08-16,nan,nan,nan,nan
1995-08-17,nan,nan,nan,nan
1995-08-18,nan,nan,nan,nan
1995-08-19,nan,nan,nan,nan
1995-08-20,nan,nan,nan,nan
1995-08-21,nan,nan,nan,nan
1995-08-22,nan,nan,nan,nan
1995-08-23,nan,nan,nan,nan
1995-08-24,nan,nan,nan,nan
1995-08-25,nan,nan,nan,nan
1995-08-26,nan,nan,nan,nan
1995-08-27,nan,nan,nan,nan
1995-08-28,nan,nan,nan,nan
1995-08-29,nan,nan,nan,nan
1995-08-30,nan,nan,nan,nan
1995-08-31,nan,nan,nan,nan
1995-09-01,nan,nan,nan,nan
1995-09-02,nan,nan,nan,nan
1995-09-03,nan,nan,nan,nan
1995-09-04,nan,nan,nan,nan
1995-09-05,nan,nan,nan,nan
1995-09-06,nan,nan,nan,nan
1995-09-07,nan,nan,nan,nan
1995-09-08,nan,nan,nan,nan
1995-09-09,nan,nan,nan,nan
1995-09-10,nan,nan,nan,nan
1995-09-11,nan,nan,nan,nan
1995-09-12,nan,nan,nan,nan
1995-09-13,nan,nan,nan,nan
1995-09-14,nan,nan,nan,nan
1995-09-15,nan,nan,nan,nan
1995-09-16,nan,nan,nan,nan
1995-09-17,nan,nan,nan,nan
1995-09-18,nan,nan,nan,nan
1995-09-19,nan,nan,nan,nan
1995-09-20,nan,nan,nan,nan
1995-09-21,nan,nan,nan,nan
1995-09-22,nan,nan,nan,nan
1995-09-23,nan,nan,nan,nan
1995-09-24,nan,nan,nan,nan
1995-09-25,nan,nan,nan,nan
1995-09-26,nan,nan,nan,nan
1995-09-27,nan,nan,nan,nan
1995-09-28,nan,nan,nan,nan
1995-09-29,nan,nan,nan,nan
1995-09-30,nan,nan,nan,nan
1995-09-31,nan,nan,nan,nan
1995-10-01,nan,nan,nan,nan
1995-10-02,nan,nan,nan,nan
1995-10-03,nan,nan,nan,nan
1995-10-04,nan,nan,nan,nan
1995-10-05,nan,nan,nan,nan
1995-10-06,nan,nan,nan,nan
1995-10-07,nan,nan,nan,nan
1995-10-08,nan,nan,nan,nan
1995-10-09,nan,nan,nan,nan
1995-10-10,nan,nan,nan,nan
1995-10-11,nan,nan,nan,nan
1995-10-12,nan,nan,nan,nan
1995-10-13,nan,nan,nan,nan
1995-10-14,nan,nan,nan,nan
1995-10-15,nan,nan,nan,nan
1995-10-16,nan,nan,nan,nan
1995-10-17,nan,nan,nan,nan
1995-10-18,nan,nan,nan,nan
1995-10-19,nan,nan,nan,nan
1995-10-20,nan,nan,nan,nan
1995-10-21,nan,nan,nan,nan
1995-10-22,nan,nan,nan,nan
1995-10-23,nan,nan,nan,nan
1995-10-24,nan,nan,nan,nan
1995-10-25,nan,nan,nan,nan
1995-10-26,nan,nan,nan,nan
1995-10-27,nan,nan,nan,nan
1995-10-28,nan,nan,nan,nan
1995-10-29,nan,nan,nan,nan
1995-10-30,nan,nan,nan,nan
1995-10-31,nan,nan,nan,nan
1995-11-01,nan,nan,nan,nan
1995-11-02,nan,nan,nan,nan
1995-11-03,nan,nan,nan,nan
1995-11-04,nan,nan,nan,nan
1995-11-05,nan,nan,nan,nan
1995-11-06,nan,nan,nan,nan
1995-11-07,nan,nan,nan,nan
1995-11-08,nan,nan,nan,nan
1995-11-09,nan,nan,nan,nan
1995-11-10,nan,nan,nan,nan
1995-11-11,nan,nan,nan,nan
1995-11-12,nan,nan,nan,nan
1995-11-13,nan,nan,nan,nan
1995-11-14,nan,nan,nan,nan
1995-11-15,nan,nan,nan,nan
1995-11-16,nan,nan,nan,nan
1995-11-17,nan,nan,nan,nan
1995-11-18,nan,nan,nan,nan
1995-11-19,nan,nan,nan,nan
1995-11-20,nan,nan,nan,nan
1995-11-21,nan,nan,nan,nan
1995-11-22,nan,nan,nan,nan
1995-11-23,nan,nan,nan,nan
1995-11-24,nan,nan,nan,nan
1995-11-25,nan,nan,nan,nan
1995-11-26,nan,nan,nan,nan
1995-11-27,nan,nan,nan,nan
1995-11-28,nan,nan,nan,nan
1995-11-29,nan,nan,nan,nan
1995-11-30,nan,nan,nan,nan
1995-11-31,nan,nan,nan,nan
1995-12-01,nan,nan,nan,nan
1995-12-02,nan,nan,nan,nan
1995-12-03,nan,nan,nan,nan
1995-12-04,nan,nan,nan,nan
1995-12-05,nan,nan,nan,nan
1995-12-06,nan,nan,nan,nan
1995-12-07,nan,nan,nan,nan
1995-12-08,nan,nan,nan,nan
1995-12-09,nan,nan,nan,nan
1995-12-10,nan,nan,nan,nan
1995-12-11,nan,nan,nan,nan
1995-12-12,nan,nan,nan,nan
1995-12-13,nan,nan,nan,nan
1995-12-14,nan,nan,nan,nan
1995-12-15,nan,nan,nan,nan
1995-12-16,nan,nan,nan,nan
1995-12-17,nan,nan,nan,nan
1995-12-18,nan,nan,nan,nan
1995-12-19,nan,nan,nan,nan
1995-12-20,nan,nan,nan,nan
1995-12-21,nan,nan,nan,nan
1995-12-22,nan,nan,nan,nan
1995-12-23,nan,nan,nan,nan
1995-12-24,nan,nan,nan,nan
1995-12-25,nan,nan,nan,nan
1995-12-26,nan,nan,nan,nan
1995-12-27,nan,nan,nan,nan
1995-12-28,nan,nan,nan,nan
1995-12-29,nan,nan,nan,nan
1995-12-30,nan,nan,nan,nan
1995-12-31,nan,nan,nan,nan
1996-01-01,nan,nan,nan,nan
1996-01-02,nan,nan,nan,nan
1996-01-03,nan,nan,nan,nan
1996-01-04,nan,nan,nan,nan
1996-01-05,nan,nan,nan,nan
1996-01-06,nan,nan,nan,nan
1996-01-07,nan,nan,nan,nan
1996-01-08,nan,nan,nan,nan
1996-01-09,nan,nan,nan,nan
1996-01-10,nan,nan,nan,nan
1996-01-11,nan,nan,nan,nan
1996-01-12,nan,nan,nan,nan
1996-01-13,nan,nan,nan,nan
1996-01-14,nan,nan,nan,nan
1996-01-15,nan,nan,nan,nan
1996-01-16,nan,nan,nan,nan
1996-01-17,nan,nan,nan,nan
1996-01-18,nan,nan,nan,nan
1996-01-19,nan,nan,nan,nan
1996-01-20,nan,nan,nan,nan
1996-01-21,nan,nan,nan,nan
1996-01-22,nan,nan,nan,nan
1996-01-23,nan,nan,nan,nan
1996-01-24,nan,nan,nan,nan
1996-01-25,nan,nan,nan,nan
1996-01-26,nan,nan,nan,nan
1996-01-27,nan,nan,nan,nan
1996-01-28,nan,nan,nan,nan
1996-01-29,nan,nan,nan,nan
1996-01-30,nan,nan,nan,nan
1996-01-31,nan,nan,nan,nan
1996-02-01,nan,nan,nan,nan
1996-02-02,nan,nan,nan,nan
1996-02-03,nan,nan,nan,nan
1996-02-04,nan,nan,nan,nan
1996-02-05,nan,nan,nan,nan
1996-02-06,nan,nan,nan,nan
1996-02-07,nan,nan,nan,nan
1996-02-08,nan,nan,nan,nan
1996-02-09,nan,nan,nan,nan
1996-02-10,nan,nan,nan,nan
1996-02-11,nan,nan,nan,nan
1996-02-12,nan,nan,nan,nan
1996-02-13,nan,nan,nan,nan
1996-02-14,nan,nan,nan,nan
1996-02-15,nan,nan,nan,nan
1996-02-16,nan,nan,nan,nan
1996-02-17,nan,nan,nan,nan
1996-02-18,nan,nan,nan,nan
1996-02-19,nan,nan,nan,nan
1996-02-20,nan,nan,nan,nan
1996-02-21,nan,nan,nan,nan
1996-02-22,nan,nan,nan,nan
1996-02-23,nan,nan,nan,nan
1996-02-24,nan,nan,nan,nan
1996-02-25,nan,nan,nan,nan
1996-02-26,nan,nan,nan,nan
1996-02-27,nan,nan,nan,nan
1996-02-28,nan,nan,nan,nan
1996-02-29,nan,nan,nan,nan
1996-02-30,nan,nan,nan,nan
1996-02-31,nan,nan,nan,nan
1996-03-01,nan,nan,nan,nan
1996-03-02,nan,nan,nan,nan
1996-03-03,nan,nan,nan,nan
1996-03-04,nan,nan,nan,nan
1996-03-05,nan,nan,nan,nan
1996-03-06,nan,nan,nan,nan
1996-03-07,nan,nan,nan,nan
1996-03-08,nan,nan,nan,nan
1996-03-09,nan,nan,nan,nan
1996-03-10,nan,nan,nan,nan
1996-03-11,nan,nan,nan,nan
1996-03-12,nan,nan,nan,nan
1996-03-13,nan,nan,nan,nan
1996-03-14,nan,nan,nan,nan
1996-03-15,nan,nan,nan,nan
1996-03-16,nan,nan,nan,nan
1996-03-17,nan,nan,nan,nan
1996-03-18,nan,nan,nan,nan
1996-03-19,nan,nan,nan,nan
1996-03-20,nan,nan,nan,nan
1996-03-21,nan,nan,nan,nan
1996-03-22,nan,nan,nan,nan
1996-03-23,nan,nan,nan,nan
1996-03-24,nan,nan,nan,nan
1996-03-25,nan,nan,nan,nan
1996-03-26,nan,nan,nan,nan
1996-03-27,nan,nan,nan,nan
1996-03-28,nan,nan,nan,nan
1996-03-29,nan,nan,nan,nan
1996-03-30,nan,nan,nan,nan
1996-03-31,nan,nan,nan,nan
1996-04-01,nan,nan,nan,nan
1996-04-02,nan,nan,nan,nan
1996-04-03,nan,nan,nan,nan
1996-04-04,nan,nan,nan,nan
1996-04-05,nan,nan,nan,nan
1996-04-06,nan,nan,nan,nan
1996-04-07,nan,nan,nan,nan
1996-04-08,nan,nan,nan,nan
1996-04-09,nan,nan,nan,nan
1996-04-10,nan,nan,nan,nan
1996-04-11,nan,nan,nan,nan
1996-04-12,nan,nan,nan,nan
1996-04-13,nan,nan,nan,nan
1996-04-14,nan,nan,nan,nan
1996-04-15,nan,nan,nan,nan
1996-04-16,nan,nan,nan,nan
1996-04-17,nan,nan,nan,nan
1996-04-18,nan,nan,nan,nan
1996-04-19,nan,nan,nan,nan
1996-04-20,nan,nan,nan,nan
1996-04-21,nan,nan,nan,nan
1996-04-22,nan,nan,nan,nan
1996-04-23,nan,nan,nan,nan
1996-04-24,nan,nan,nan,nan
1996-04-25,nan,nan,nan,nan
1996-04-26,nan,nan,nan,nan
1996-04-27,nan,nan,nan,nan
1996-04-28,nan,nan,nan,nan
1996-04-29,nan,nan,nan,nan
1996-04-30,nan,nan,nan,nan
1996-04-31,nan,nan,nan,nan
1996-05-01,nan,nan,nan,nan
1996-05-02,nan,nan,nan,nan
1996-05-03,nan,nan,nan,nan
1996-05-04,nan,nan,nan,nan
1996-05-05,nan,nan,nan,nan
1996-05-06,nan,nan,nan,nan
1996-05-07,nan,nan,nan,nan
1996-05-08,nan,nan,nan,nan
1996-05-09,nan,nan,nan,nan
1996-05-10,nan,nan,nan,nan
1996-05-11,nan,nan,nan,nan
1996-05-12,nan,nan,nan,nan
1996-05-13,nan,nan,nan,nan
1996-05-14,nan,nan,nan,nan
1996-05-15,nan,nan,nan,nan
1996-05-16,nan,nan,nan,nan
1996-05-17,nan,nan,nan,nan
1996-05-18,nan,nan,nan,nan
1996-05-19,nan,nan,nan,nan
1996-05-20,nan,nan,nan,nan
1996-05-21,nan,nan,nan,nan
1996-05-22,nan,nan,nan,nan
1996-05-23,nan,nan,nan,nan
1996-05-24,nan,nan,nan,nan
1996-05-25,nan,nan,nan,nan
1996-05-26,nan,nan,nan,nan
1996-05-27,nan,nan,nan,nan
1996-05-28,nan,nan,nan,nan
1996-05-29,nan,nan,nan,nan
1996-05-30,nan,nan,nan,nan
1996-05-31,nan,nan,nan,nan
1996-06-01,nan,nan,nan,nan
1996-06-02,nan,nan,nan,nan
1996-06-03,nan,nan,nan,nan
1996-06-04,nan,nan,nan,nan
1996-06-05,nan,nan,nan,nan
1996-06-06,nan,nan,nan,nan
1996-06-07,nan,nan,nan,nan
1996-06-08,nan,nan,nan,nan
1996-06-09,nan,nan,nan,nan
1996-06-10,nan,nan,nan,nan
1996-06-11,nan,nan,nan,nan
1996-06-12,nan,nan,nan,nan
1996-06-13,nan,nan,nan,nan
1996-06-14,nan,nan,nan,nan
1996-06-15,nan,nan,nan,nan
1996-06-16,nan,nan,nan,nan
1996-06-17,nan,nan,nan,nan
1996-06-18,nan,nan,nan,nan
1996-06-19,nan,nan,nan,nan
1996-06-20,nan,nan,nan,nan
1996-06-21,nan,nan,nan,nan
1996-06-22,nan,nan,nan,nan
1996-06-23,nan,nan,nan,nan
1996-06-24,nan,nan,nan,nan
1996-06-25,nan,nan,nan,nan
1996-06-26,nan,nan,nan,nan
1996-06-27,nan,nan,nan,nan
1996-06-28,nan,nan,nan,nan
1996-06-29,nan,nan,nan,nan
1996-06-30,nan,nan,nan,nan
1996-06-31,nan,nan,nan,nan
1996-07-01,nan,nan,nan,nan
1996-07-02,nan,nan,nan,nan
1996-07-03,nan,nan,nan,nan
1996-07-04,nan,nan,nan,nan
1996-07-05,nan,nan,nan,nan
1996-07-06,nan,nan,nan,nan
1996-07-07,nan,nan,nan,nan
1996-07-08,nan,nan,nan,nan
1996-07-09,nan,nan,nan,nan
1996-07-10,nan,nan,nan,nan
1996-07-11,nan,nan,nan,nan
1996-07-12,nan,nan,nan,nan
1996-07-13,nan,nan,nan,nan
1996-07-14,nan,nan,nan,nan
1996-07-15,nan,nan,nan,nan
1996-07-16,nan,nan,nan,nan
1996-07-17,nan,nan,nan,nan
1996-07-18,nan,nan,nan,nan
1996-07-19,nan,nan,nan,nan
1996-07-20,nan,nan,nan,nan
1996-07-21,nan,nan,nan,nan
1996-07-22,nan,nan,nan,nan
1996-07-23,nan,nan,nan,nan
1996-07-24,nan,nan,nan,nan
1996-07-25,nan,nan,nan,nan
1996-07-26,nan,nan,nan,nan
1996-07-27,nan,nan,nan,nan
1996-07-28,nan,nan,nan,nan
1996-07-29,nan,nan,nan,nan
1996-07-30,nan,nan,nan,nan
1996-07-31,nan,nan,nan,nan
1996-08-01,nan,nan,nan,nan
1996-08-02,nan,nan,nan,nan
1996-08-03,nan,nan,nan,nan
1996-08-04,nan,nan,nan,nan
1996-08-05,nan,nan,nan,nan
1996-08-06,nan,nan,nan,nan
1996-08-07,nan,nan,nan,nan
1996-08-08,nan,nan,nan,nan
1996-08-09,nan,nan,nan,nan
1996-08-10,nan,nan,nan,nan
1996-08-11,nan,nan,nan,nan
1996-08-12,nan,nan,nan,nan
1996-08-13,nan,nan,nan,nan
1996-08-14,nan,nan,nan,nan
1996-08-15,nan,nan,nan,nan
1996-08-16,nan,nan,nan,nan
1996-08-17,nan,nan,nan,nan
1996-08-18,nan,nan,nan,nan
1996-08-19,nan,nan,nan,nan
1996-08-20,nan,nan,nan,nan
1996-08-21,nan,nan,nan,nan
1996-08-22,nan,nan,nan,nan
1996-08-23,nan,nan,nan,nan
1996-08-24,nan,nan,nan,nan
1996-08-25,nan,nan,nan,nan
1996-08-26,nan,nan,nan,nan
1996-08-27,nan,nan,nan,nan
1996-08-28,nan,nan,nan,nan
1996-08-29,nan,nan,nan,nan
1996-08-30,nan,nan,nan,nan
1996-08-31,nan,nan,nan,nan
1996-09-01,nan,nan,nan,nan
1996-09-02,nan,nan,nan,nan
1996-09-03,nan,nan,nan,nan
1996-09-04,nan,nan,nan,nan
1996-09-05,nan,nan,nan,nan
1996-09-06,nan,nan,nan,nan
1996-09-07,nan,nan,nan,nan
1996-09-08,nan,nan,nan,nan
1996-09-09,nan,nan,nan,nan
1996-09-10,nan,nan,nan,nan
1996-09-11,nan,nan,nan,nan
1996-09-12,nan,nan,nan,nan
1996-09-13,nan,nan,nan,nan
1996-09-14,nan,nan,nan,nan
1996-09-15,nan,nan,nan,nan
1996-09-16,nan,nan,nan,nan
1996-09-17,nan,nan,nan,nan
1996-09-18,nan,nan,nan,nan
1996-09-19,nan,nan,nan,nan
1996-09-20,nan,nan,nan,nan
1996-09-21,nan,nan,nan,nan
1996-09-22,nan,nan,nan,nan
1996-09-23,nan,nan,nan,nan
1996-09-24,nan,nan,nan,nan
1996-09-25,nan,nan,nan,nan
1996-09-26,nan,nan,nan,nan
1996-09-27,nan,nan,nan,nan
1996-09-28,nan,nan,nan,nan
1996-09-29,nan,nan,nan,nan
1996-09-30,nan,nan,nan,nan
1996-09-31,nan,nan,nan,nan
1996-10-01,nan,nan,nan,nan
1996-10-02,nan,nan,nan,nan
1996-10-03,nan,nan,nan,nan
1996-10-04,nan,nan,nan,nan
1996-10-05,nan,nan,nan,nan
1996-10-06,nan,nan,nan,nan
1996-10-07,nan,nan,nan,nan
1996-10-08,nan,nan,nan,nan
1996-10-09,nan,nan,nan,nan
1996-10-10,nan,nan,nan,nan
1996-10-11,nan,nan,nan,nan
1996-10-12,nan,nan,nan,nan
1996-10-13,nan,nan,nan,nan
1996-10-14,nan,nan,nan,nan
1996-10-15,nan,nan,nan,nan
1996-10-16,nan,nan,nan,nan
1996-10-17,nan,nan,nan,nan
1996-10-18,nan,nan,nan,nan
1996-10-19,nan,nan,nan,nan
1996-10-20,nan,nan,nan,nan
1996-10-21,nan,nan,nan,nan
1996-10-22,nan,nan,nan,nan
1996-10-23,nan,nan,nan,nan
1996-10-24,nan,nan,nan,nan
1996-10-25,nan,nan,nan,nan
1996-10-26,nan,nan,nan,nan
1996-10-27,nan,nan,nan,nan
1996-10-28,nan,nan,nan,nan
1996-10-29,nan,nan,nan,nan
1996-10-30,nan,nan,nan,nan
1996-10-31,nan,nan,nan,nan
1996-11-01,nan,nan,nan,nan
1996-11-02,nan,nan,nan,nan
1996-11-03,nan,nan,nan,nan
1996-11-04,nan,nan,nan,nan
1996-11-05,nan,nan,nan,nan
1996-11-06,nan,nan,nan,nan
1996-11-07,nan,nan,nan,nan
1996-11-08,nan,nan,nan,nan
1996-11-09,nan,nan,nan,nan
1996-11-10,nan,nan,nan,nan
1996-11-11,nan,nan,nan,nan
1996-11-12,nan,nan,nan,nan
1996-11-13,nan,nan,nan,nan
1996-11-14,nan,nan,nan,nan
1996-11-15,nan,nan,nan,nan
1996-11-16,nan,nan,nan,nan
1996-11-17,nan,nan,nan,nan
1996-11-18,nan,nan,nan,nan
1996-11-19,nan,nan,nan,nan
1996-11-20,nan,nan,nan,nan
1996-11-21,nan,nan,nan,nan
1996-11-22,nan,nan,nan,nan
1996-11-23,nan,nan,nan,nan
1996-11-24,nan,nan,nan,nan
1996-11-25,nan,nan,nan,nan
1996-11-26,nan,nan,nan,nan
1996-11-27,nan,nan,nan,nan
1996-11-28,nan,nan,nan,nan
1996-11-29,nan,nan,nan,nan
1996-11-30,nan,nan,nan,nan
1996-11-31,nan,nan,nan,nan
1996-12-01,nan,nan,nan,nan
1996-12-02,nan,nan,nan,nan
1996-12-03,nan,nan,nan,nan
1996-12-04,nan,nan,nan,nan
1996-12-05,nan,nan,nan,nan
1996-12-06,nan,nan,nan,nan
1996-12-07,nan,nan,nan,nan
1996-12-08,nan,nan,nan,nan
1996-12-09,nan,nan,nan,nan
1996-12-10,nan,nan,nan,nan
1996-12-11,nan,nan,nan,nan
1996-12-12,nan,nan,nan,nan
1996-12-13,nan,nan,nan,nan
1996-12-14,nan,nan,nan,nan
1996-12-15,nan,nan,nan,nan
1996-12-16,nan,nan,nan,nan
1996-12-17,nan,nan,nan,nan
1996-12-18,nan,nan,nan,nan
1996-12-19,nan,nan,nan,nan
1996-12-20,nan,nan,nan,nan
1996-12-21,nan,nan,nan,nan
1996-12-22,nan,nan,nan,nan
1996-12-23,nan,nan,nan,nan
1996-12-24,nan,nan,nan,nan
1996-12-25,nan,nan,nan,nan
1996-12-26,nan,nan,nan,nan
1996-12-27,nan,nan,nan,nan
1996-12-28,nan,nan,nan,nan
1996-12-29,nan,nan,nan,nan
1996-12-30,nan,nan,nan,nan
1996-12-31,nan,nan,nan,nan
1997-01-01,nan,nan,nan,nan
1997-01-02,nan,nan,nan,nan
1997-01-03,nan,nan,nan,nan
1997-01-04,nan,nan,nan,nan
1997-01-05,nan,nan,nan,nan
1997-01-06,nan,nan,nan,nan
1997-01-07,nan,nan,nan,nan
1997-01-08,nan,nan,nan,nan
1997-01-09,nan,nan,nan,nan
1997-01-10,nan,nan,nan,nan
1997-01-11,nan,nan,nan,nan
1997-01-12,nan,nan,nan,nan
1997-01-13,nan,nan,nan,nan
1997-01-14,nan,nan,nan,nan
1997-01-15,nan,nan,nan,nan
1997-01-16,nan,nan,nan,nan
1997-01-17,nan,nan,nan,nan
1997-01-18,nan,nan,nan,nan
1997-01-19,nan,nan,nan,nan
1997-01-20,nan,nan,nan,nan
1997-01-21,nan,nan,nan,nan
1997-01-22,nan,nan,nan,nan
1997-01-23,nan,nan,nan,nan
1997-01-24,nan,nan,nan,nan
1997-01-25,nan,nan,nan,nan
1997-01-26,nan,nan,nan,nan
1997-01-27,nan,nan,nan,nan
1997-01-28,nan,nan,nan,nan
1997-01-29,nan,nan,nan,nan
1997-01-30,nan,nan,nan,nan
1997-01-31,nan,nan,nan,nan
1997-02-01,nan,nan,nan,nan
1997-02-02,nan,nan,nan,nan
1997-02-03,nan,nan,nan,nan
1997-02-04,nan,nan,nan,nan
1997-02-05,nan,nan,nan,nan
1997-02-06,nan,nan,nan,nan
1997-02-07,nan,nan,nan,nan
1997-02-08,nan,nan,nan,nan
1997-02-09,nan,nan,nan,nan
1997-02-10,nan,nan,nan,nan
1997-02-11,nan,nan,nan,nan
1997-02-12,nan,nan,nan,nan
1997-02-13,nan,nan,nan,nan
1997-02-14,nan,nan,nan,nan
1997-02-15,nan,nan,nan,nan
1997-02-16,nan,nan,nan,nan
1997-02-17,nan,nan,nan,nan
1997-02-18,nan,nan,nan,nan
1997-02-19,nan,nan,nan,nan
1997-02-20,nan,nan,nan,nan
1997-02-21,nan,nan,nan,nan
1997-02-22,nan,nan,nan,nan
1997-02-23,nan,nan,nan,nan
1997-02-24,nan,nan,nan,nan
1997-02-25,nan,nan,nan,nan
1997-02-26,nan,nan,nan,nan
1997-02-27,nan,nan,nan,nan
1997-02-28,nan,nan,nan,nan
1997-02-29,nan,nan,nan,nan
1997-02-30,nan,nan,nan,nan
1997-02-31,nan,nan,nan,nan
1997-03-01,nan,nan,nan,nan
1997-03-02,nan,nan,nan,nan
1997-03-03,nan,nan,nan,nan
1997-03-04,nan,nan,nan,nan
1997-03-05,nan,nan,nan,nan
1997-03-06,nan,nan,nan,nan
1997-03-07,nan,nan,nan,nan
1997-03-08,nan,nan,nan,nan
1997-03-09,nan,nan,nan,nan
1997-03-10,nan,nan,nan,nan
1997-03-11,nan,nan,nan,nan
1997-03-12,nan,nan,nan,nan
1997-03-13,nan,nan,nan,nan
1997-03-14,nan,nan,nan,nan
1997-03-15,nan,nan,nan,nan
1997-03-16,nan,nan,nan,nan
1997-03-17,nan,nan,nan,nan
1997-03-18,nan,nan,nan,nan
1997-03-19,nan,nan,nan,nan
1997-03-20,nan,nan,nan,nan
1997-03-21,nan,nan,nan,nan
1997-03-22,nan,nan,nan,nan
1997-03-23,nan,nan,nan,nan
1997-03-24,nan,nan,nan,nan
1997-03-25,nan,nan,nan,nan
1997-03-26,nan,nan,nan,nan
1997-03-27,nan,nan,nan,nan
1997-03-28,nan,nan,nan,nan
1997-03-29,nan,nan,nan,nan
1997-03-30,nan,nan,nan,nan
1997-03-31,nan,nan,nan,nan
1997-04-01,nan,nan,nan,nan
1997-04-02,nan,nan,nan,nan
1997-04-03,nan,nan,nan,nan
1997-04-04,nan,nan,nan,nan
1997-04-05,nan,nan,nan,nan
1997-04-06,nan,nan,nan,nan
1997-04-07,nan,nan,nan,nan
1997-04-08,nan,nan,nan,nan
1997-04-09,nan,nan,nan,nan
1997-04-10,nan,nan,nan,nan
1997-04-11,nan,nan,nan,nan
1997-04-12,nan,nan,nan,nan
1997-04-13,nan,nan,nan,nan
1997-04-14,nan,nan,nan,nan
1997-04-15,nan,nan,nan,nan
1997-04-16,nan,nan,nan,nan
1997-04-17,nan,nan,nan,nan
1997-04-18,nan,nan,nan,nan
1997-04-19,nan,nan,nan,nan
1997-04-20,nan,nan,nan,nan
1997-04-21,nan,nan,nan,nan
1997-04-22,nan,nan,nan,nan
1997-04-23,nan,nan,nan,nan
1997-04-24,nan,nan,nan,nan
1997-04-25,nan,nan,nan,nan
1997-04-26,nan,nan,nan,nan
1997-04-27,nan,nan,nan,nan
1997-04-28,nan,nan,nan,nan
1997-04-29,nan,nan,nan,nan
1997-04-30,nan,nan,nan,nan
1997-04-31,nan,nan,nan,nan
1997-05-01,nan,nan,nan,nan
1997-05-02,nan,nan,nan,nan
1997-05-03,nan,nan,nan,nan
1997-05-04,nan,nan,nan,nan
1997-05-05,nan,nan,nan,nan
1997-05-06,nan,nan,nan,nan
1997-05-07,nan,nan,nan,nan
1997-05-08,nan,nan,nan,nan
1997-05-09,nan,nan,nan,nan
1997-05-10,nan,nan,nan,nan
1997-05-11,nan,nan,nan,nan
1997-05-12,nan,nan,nan,nan
1997-05-13,nan,nan,nan,nan
1997-05-14,nan,nan,nan,nan
1997-05-15,nan,nan,nan,nan
1997-05-16,nan,nan,nan,nan
1997-05-17,nan,nan,nan,nan
1997-05-18,nan,nan,nan,nan
1997-05-19,nan,nan,nan,nan
1997-05-20,nan,nan,nan,nan
1997-05-21,nan,nan,nan,nan
1997-05-22,nan,nan,nan,nan
1997-05-23,nan,nan,nan,nan
1997-05-24,nan,nan,nan,nan
1997-05-25,nan,nan,nan,nan
1997-05-26,nan,nan,nan,nan
1997-05-27,nan,nan,nan,nan
1997-05-28,nan,nan,nan,nan
1997-05-29,nan,nan,nan,nan
1997-05-30,nan,nan,nan,nan
1997-05-31,nan,nan,nan,nan
1997-06-01,nan,nan,nan,nan
1997-06-02,nan,nan,nan,nan
1997-06-03,nan,nan,nan,nan
1997-06-04,nan,nan,nan,nan
1997-06-05,nan,nan,nan,nan
1997-06-06,nan,nan,nan,nan
1997-06-07,nan,nan,nan,nan
1997-06-08,nan,nan,nan,nan
1997-06-09,nan,nan,nan,nan
1997-06-10,nan,nan,nan,nan
1997-06-11,nan,nan,nan,nan
1997-06-12,nan,nan,nan,nan
1997-06-13,nan,nan,nan,nan
1997-06-14,nan,nan,nan,nan
1997-06-15,nan,nan,nan,nan
1997-06-16,nan,nan,nan,nan
1997-06-17,nan,nan,nan,nan
1997-06-18,nan,nan,nan,nan
1997-06-19,nan,nan,nan,nan
1997-06-20,nan,nan,nan,nan
1997-06-21,nan,nan,nan,nan
1997-06-22,nan,nan,nan,nan
1997-06-23,nan,nan,nan,nan
1997-06-24,nan,nan,nan,nan
1997-06-25,nan,nan,nan,nan
1997-06-26,nan,nan,nan,nan
1997-06-27,nan,nan,nan,nan
1997-06-28,nan,nan,nan,nan
1997-06-29,nan,nan,nan,nan
1997-06-30,nan,nan,nan,nan
1997-06-31,nan,nan,nan,nan
1997-07-01,nan,nan,nan,nan
1997-07-02,nan,nan,nan,nan
1997-07-03,nan,nan,nan,nan
1997-07-04,nan,nan,nan,nan
1997-07-05,nan,nan,nan,nan
1997-07-06,nan,nan,nan,nan
1997-07-07,nan,nan,nan,nan
1997-07-08,nan,nan,nan,nan
1997-07-09,nan,nan,nan,nan
1997-07-10,nan,nan,nan,nan
1997-07-11,nan,nan,nan,nan
1997-07-12,nan,nan,nan,nan
1997-07-13,nan,nan,nan,nan
1997-07-14,nan,nan,nan,nan
1997-07-15,nan,nan,nan,nan
1997-07-16,nan,nan,nan,nan
1997-07-17,nan,nan,nan,nan
1997-07-18,nan,nan,nan,nan
1997-07-19,nan,nan,nan,nan
1997-07-20,nan,nan,nan,nan
1997-07-21,nan,nan,nan,nan
1997-07-22,nan,nan,nan,nan
1997-07-23,nan,nan,nan,nan
1997-07-24,nan,nan,nan,nan
1997-07-25,nan,nan,nan,nan
1997-07-26,nan,nan,nan,nan
1997-07-27,nan,nan,nan,nan
1997-07-28,nan,nan,nan,nan
1997-07-29,nan,nan,nan,nan
1997-07-30,nan,nan,nan,nan
1997-07-31,nan,nan,nan,nan
1997-08-01,nan,nan,nan,nan
1997-08-02,nan,nan,nan,nan
1997-08-03,nan,nan,nan,nan
1997-08-04,nan,nan,nan,nan
1997-08-05,nan,nan,nan,nan
1997-08-06,nan,nan,nan,nan
1997-08-07,nan,nan,nan,nan
1997-08-08,nan,nan,nan,nan
1997-08-09,nan,nan,nan,nan
1997-08-10,nan,nan,nan,nan
1997-08-11,nan,nan,nan,nan
1997-08-12,nan,nan,nan,nan
1997-08-13,nan,nan,nan,nan
1997-08-14,nan,nan,nan,nan
1997-08-15,nan,nan,nan,nan
1997-08-16,nan,nan,nan,nan
1997-08-17,nan,nan,nan,nan
1997-08-18,nan,nan,nan,nan
1997-08-19,nan,nan,nan,nan
1997-08-20,nan,nan,nan,nan
1997-08-21,nan,nan,nan,nan
1997-08-22,nan,nan,nan,nan
1997-08-23,nan,nan,nan,nan
1997-08-24,nan,nan,nan,nan
1997-08-25,nan,nan,nan,nan
1997-08-26,nan,nan,nan,nan
1997-08-27,nan,nan,nan,nan
1997-08-28,nan,nan,nan,nan
1997-08-29,nan,nan,nan,nan
1997-08-30,nan,nan,nan,nan
1997-08-31,nan,nan,nan,nan
1997-09-01,nan,nan,nan,nan
1997-09-02,nan,nan,nan,nan
1997-09-03,nan,nan,nan,nan
1997-09-04,nan,nan,nan,nan
1997-09-05,nan,nan,nan,nan
1997-09-06,nan,nan,nan,nan
1997-09-07,nan,nan,nan,nan
1997-09-08,nan,nan,nan,nan
1997-09-09,nan,nan,nan,nan
1997-09-10,nan,nan,nan,nan
1997-09-11,nan,nan,nan,nan
1997-09-12,nan,nan,nan,nan
1997-09-13,nan,nan,nan,nan
1997-09-14,nan,nan,nan,nan
1997-09-15,nan,nan,nan,nan
1997-09-16,nan,nan,nan,nan
1997-09-17,nan,nan,nan,nan
1997-09-18,nan,nan,nan,nan
1997-09-19,nan,nan,nan,nan
1997-09-20,nan,nan,nan,nan
1997-09-21,nan,nan,nan,nan
1997-09-22,nan,nan,nan,nan
1997-09-23,nan,nan,nan,nan
1997-09-24,nan,nan,nan,nan
1997-09-25,nan,nan,nan,nan
1997-09-26,nan,nan,nan,nan
1997-09-27,nan,nan,nan,nan
1997-09-28,nan,nan,nan,nan
1997-09-29,nan,nan,nan,nan
1997-09-30,nan,nan,nan,nan
1997-09-31,nan,nan,nan,nan
1997-10-01,nan,nan,nan,nan
1997-10-02,nan,nan,nan,nan
1997-10-03,nan,nan,nan,nan
1997-10-04,nan,nan,nan,nan
1997-10-05,nan,nan,nan,nan
1997-10-06,nan,nan,nan,nan
1997-10-07,nan,nan,nan,nan
1997-10-08,nan,nan,nan,nan
1997-10-09,nan,nan,nan,nan
1997-10-10,nan,nan,nan,nan
1997-10-11,nan,nan,nan,nan
1997-10-12,nan,nan,nan,nan
1997-10-13,nan,nan,nan,nan
1997-10-14,nan,nan,nan,nan
1997-10-15,nan,nan,nan,nan
1997-10-16,nan,nan,nan,nan
1997-10-17,nan,nan,nan,nan
1997-10-18,nan,nan,nan,nan
1997-10-19,nan,nan,nan,nan
1997-10-20,nan,nan,nan,nan
1997-10-21,nan,nan,nan,nan
1997-10-22,nan,nan,nan,nan
1997-10-23,nan,nan,nan,nan
1997-10-24,nan,nan,nan,nan
1997-10-25,nan,nan,nan,nan
1997-10-26,nan,nan,nan,nan
1997-10-27,nan,nan,nan,nan
1997-10-28,nan,nan,nan,nan
1997-10-29,nan,nan,nan,nan
1997-10-30,nan,nan,nan,nan
1997-10-31,nan,nan,nan,nan
1997-11-01,nan,nan,nan,nan
1997-11-02,nan,nan,nan,nan
1997-11-03,nan,nan,nan,nan
1997-11-04,nan,nan,nan,nan
1997-11-05,nan,nan,nan,nan
1997-11-06,nan,nan,nan,nan
1997-11-07,nan,nan,nan,nan
1997-11-08,nan,nan,nan,nan
1997-11-09,nan,nan,nan,nan
1997-11-10,nan,nan,nan,nan
1997-11-11,nan,nan,nan,nan
1997-11-12,nan,nan,nan,nan
1997-11-13,nan,nan,nan,nan
1997-11-14,nan,nan,nan,nan
1997-11-15,nan,nan,nan,nan
1997-11-16,nan,nan,nan,nan
1997-11-17,nan,nan,nan,nan
1997-11-18,nan,nan,nan,nan
1997-11-19,nan,nan,nan,nan
1997-11-20,nan,nan,nan,nan
1997-11-21,nan,nan,nan,nan
1997-11-22,nan,nan,nan,nan
1997-11-23,nan,nan,nan,nan
1997-11-24,nan,nan,nan,nan
1997-11-25,nan,nan,nan,nan
1997-11-26,nan,nan,nan,nan
1997-11-27,nan,nan,nan,nan
1997-11-28,nan,nan,nan,nan
1997-11-29,nan,nan,nan,nan
1997-11-30,nan,nan,nan,nan
1997-11-31,nan,nan,nan,nan
1997-12-01,nan,nan,nan,nan
1997-12-02,nan,nan,nan,nan
1997-12-03,nan,nan,nan,nan
1997-12-04,nan,nan,nan,nan
1997-12-05,nan,nan,nan,nan
1997-12-06,nan,nan,nan,nan
1997-12-07,nan,nan,nan,nan
1997-12-08,nan,nan,nan,nan
1997-12-09,nan,nan,nan,nan
1997-12-10,nan,nan,nan,nan
1997-12-11,nan,nan,nan,nan
1997-12-12,nan,nan,nan,nan
1997-12-13,nan,nan,nan,nan
1997-12-14,nan,nan,nan,nan
1997-12-15,nan,nan,nan,nan
1997-12-16,nan,nan,nan,nan
1997-12-17,nan,nan,nan,nan
1997-12-18,nan,nan,nan,nan
1997-12-19,nan,nan,nan,nan
1997-12-20,nan,nan,nan,nan
1997-12-21,nan,nan,nan,nan
1997-12-22,nan,nan,nan,nan
1997-12-23,nan,nan,nan,nan
1997-12-24,nan,nan,nan,nan
1997-12-25,nan,nan,nan,nan
1997-12-26,nan,nan,nan,nan
1997-12-27,nan,nan,nan,nan
1997-12-28,nan,nan,nan,nan
1997-12-29,nan,nan,nan,nan
1997-12-30,nan,nan,nan,nan
1997-12-31,nan,nan,nan,nan
1998-01-01,nan,nan,nan,nan
1998-01-02,nan,nan,nan,nan
1998-01-03,nan,nan,nan,nan
1998-01-04,nan,nan,nan,nan
1998-01-05,nan,nan,nan,nan
1998-01-06,nan,nan,nan,nan
1998-01-07,nan,nan,nan,nan
1998-01-08,nan,nan,nan,nan
1998-01-09,nan,nan,nan,nan
1998-01-10,nan,nan,nan,nan
1998-01-11,nan,nan,nan,nan
1998-01-12,nan,nan,nan,nan
1998-01-13,nan,nan,nan,nan
1998-01-14,nan,nan,nan,nan
1998-01-15,nan,nan,nan,nan
1998-01-16,nan,nan,nan,nan
1998-01-17,nan,nan,nan,nan
1998-01-18,nan,nan,nan,nan
1998-01-19,nan,nan,nan,nan
1998-01-20,nan,nan,nan,nan
1998-01-21,nan,nan,nan,nan
1998-01-22,nan,nan,nan,nan
1998-01-23,nan,nan,nan,nan
1998-01-24,nan,nan,nan,nan
1998-01-25,nan,nan,nan,nan
1998-01-26,nan,nan,nan,nan
1998-01-27,nan,nan,nan,nan
1998-01-28,nan,nan,nan,nan
1998-01-29,nan,nan,nan,nan
1998-01-30,nan,nan,nan,nan
1998-01-31,nan,nan,nan,nan
1998-02-01,nan,nan,nan,nan
1998-02-02,nan,nan,nan,nan
1998-02-03,nan,nan,nan,nan
1998-02-04,nan,nan,nan,nan
1998-02-05,nan,nan,nan,nan
1998-02-06,nan,nan,nan,nan
1998-02-07,nan,nan,nan,nan
1998-02-08,nan,nan,nan,nan
1998-02-09,nan,nan,nan,nan
1998-02-10,nan,nan,nan,nan
1998-02-11,nan,nan,nan,nan
1998-02-12,nan,nan,nan,nan
1998-02-13,nan,nan,nan,nan
1998-02-14,nan,nan,nan,nan
1998-02-15,nan,nan,nan,nan
1998-02-16,nan,nan,nan,nan
1998-02-17,nan,nan,nan,nan
1998-02-18,nan,nan,nan,nan
1998-02-19,nan,nan,nan,nan
1998-02-20,nan,nan,nan,nan
1998-02-21,nan,nan,nan,nan
1998-02-22,nan,nan,nan,nan
1998-02-23,nan,nan,nan,nan
1998-02-24,nan,nan,nan,nan
1998-02-25,nan,nan,nan,nan
1998-02-26,nan,nan,nan,nan
1998-02-27,nan,nan,nan,nan
1998-02-28,nan,nan,nan,nan
1998-02-29,nan,nan,nan,nan
1998-02-30,nan,nan,nan,nan
1998-02-31,nan,nan,nan,nan
1998-03-01,nan,nan,nan,nan
1998-03-02,nan,nan,nan,nan
1998-03-03,nan,nan,nan,nan
1998-03-04,nan,nan,nan,nan
1998-03-05,nan,nan,nan,nan
1998-03-06,nan,nan,nan,nan
1998-03-07,nan,nan,nan,nan
1998-03-08,nan,nan,nan,nan
1998-03-09,nan,nan,nan,nan
1998-03-10,nan,nan,nan,nan
1998-03-11,nan,nan,nan,nan
1998-03-12,nan,nan,nan,nan
1998-03-13,nan,nan,nan,nan
1998-03-14,nan,nan,nan,nan
1998-03-15,nan,nan,nan,nan
1998-03-16,nan,nan,nan,nan
1998-03-17,nan,nan,nan,nan
1998-03-18,nan,nan,nan,nan
1998-03-19,nan,nan,nan,nan
1998-03-20,nan,nan,nan,nan
1998-03-21,nan,nan,nan,nan
1998-03-22,nan,nan,nan,nan
1998-03-23,nan,nan,nan,nan
1998-03-24,nan,nan,nan,nan
1998-03-25,nan,nan,nan,nan
1998-03-26,nan,nan,nan,nan
1998-03-27,nan,nan,nan,nan
1998-03-28,nan,nan,nan,nan
1998-03-29,nan,nan,nan,nan
1998-03-30,nan,nan,nan,nan
1998-03-31,nan,nan,nan,nan
1998-04-01,nan,nan,nan,nan
1998-04-02,nan,nan,nan,nan
1998-04-03,nan,nan,nan,nan
1998-04-04,nan,nan,nan,nan
1998-04-05,nan,nan,nan,nan
1998-04-06,45.8620261936,14.4301191599,nan,nan
1998-04-07,45.8495430037,14.4534230873,nan,nan
1998-04-08,nan,nan,nan,nan
1998-04-09,45.8192020563,14.413505046,nan,nan
1998-04-10,45.8436616763,14.4019829387,45.9032609688,14.3195031938
1998-04-11,nan,nan,nan,nan
1998-04-12,nan,nan,nan,nan
1998-04-13,45.8497650975,14.4077116627,45.9350242493,14.2900997389
1998-04-14,nan,nan,nan,nan
1998-04-15,45.8675867553,14.4635502302,45.863931052,14.2884293773
1998-04-16,nan,nan,45.8710355692,14.2735258353
1998-04-17,nan,nan,45.8710376159,14.2738478278
1998-04-18,nan,nan,45.8705979794,14.2754636365
1998-04-19,nan,nan,45.8666181536,14.2864631296
1998-04-20,nan,nan,nan,nan
1998-04-21,45.7235118066,14.4411643084,nan,nan
1998-04-22,nan,nan,45.8946146561,14.3031788867
1998-04-23,45.850164505,14.3980504691,45.8599142849,14.2936318988
1998-04-24,nan,nan,nan,nan
1998-04-25,45.8271784882,14.390254134,nan,nan
1998-04-26,45.8374178611,14.4580473634,nan,nan
1998-04-27,45.8603553171,14.4565367222,45.896542433,14.3637220741
1998-04-28,nan,nan,nan,nan
1998-04-29,45.82998741,14.4111393008,45.8814553881,14.2849848956
1998-04-30,nan,nan,nan,nan
1998-04-31,nan,nan,nan,nan
1998-05-01,nan,nan,nan,nan
1998-05-02,45.8400894862,14.4522283003,45.9008771399,14.2973010966
1998-05-03,45.8519605881,14.397387275,45.8965810419,14.3010279902
1998-05-04,45.8223346058,14.4102547737,45.8845699889,14.2794692824
1998-05-05,45.8334125073,14.378279386,45.915660742,14.3241857992
1998-05-06,45.7869148257,14.4344219336,45.8875505647,14.2884499536
1998-05-07,45.8225645195,14.4112175641,nan,nan
1998-05-08,nan,nan,45.8719393741,14.2741581081
1998-05-09,nan,nan,nan,nan
1998-05-10,nan,nan,nan,nan
1998-05-11,45.8289382367,14.3828340687,45.9120956964,14.2926479323
1998-05-12,45.8178573871,14.4144843002,nan,nan
1998-05-13,45.8203184704,14.4118846921,45.9328876477,14.3085024882
1998-05-14,nan,nan,nan,nan
1998-05-15,45.8254385422,14.4015345882,nan,nan
1998-05-16,nan,nan,nan,nan
1998-05-17,45.8194120944,14.4106073501,45.8670276182,14.28001797
1998-05-18,45.7927069557,14.4231084862,45.9160536964,14.2780950663
1998-05-19,45.786495024,14.4405352818,45.9206727579,14.2973735354
1998-05-20,45.8189655388,14.411255499,45.9070545919,14.2778895068
1998-05-21,nan,nan,45.9045946248,14.2801768956
1998-05-22,45.837200544,14.4596585911,45.9072556043,14.3104319836
1998-05-23,45.820210409,14.4350500849,45.9071771037,14.2975438327
1998-05-24,45.8412588344,14.3733642883,nan,nan
1998-05-25,45.8233545889,14.3902958812,45.8870987023,14.2881336113
1998-05-26,45.8235379516,14.4256858248,nan,nan
1998-05-27,45.8178573871,14.4144843002,nan,nan
1998-05-28,nan,nan,45.9195678912,14.30061048
1998-05-29,45.8325595772,14.4304199893,45.8844921603,14.2672306049
1998-05-30,45.8336269201,14.3763461795,45.9118627832,14.2913618704
1998-05-31,45.8244133392,14.4208505736,45.8852972697,14.2878345204
1998-06-01,45.8200652534,14.406418034,45.8643507337,14.2835943143
1998-06-02,45.8223561161,14.4144371424,45.9002986315,14.2766883429
1998-06-03,nan,nan,45.9116756587,14.2974870804
1998-06-04,nan,nan,45.9053118276,14.2869341894
1998-06-05,45.8360048971,14.4448665937,45.9093464213,14.2846268408
1998-06-06,45.8405578092,14.4560858203,nan,nan
1998-06-07,nan,nan,45.9052019343,14.2695358948
1998-06-08,45.8233580206,14.3909393317,45.8739391145,14.2702676424
1998-06-09,45.8230604566,14.4202211176,45.9219684842,14.288654708
1998-06-10,45.8271060461,14.4195355872,45.9079699899,14.2875446176
1998-06-11,45.8306405834,14.4069491961,45.9051527527,14.2975693668
1998-06-12,nan,nan,45.9173293736,14.2664761948
1998-06-13,nan,nan,nan,nan
1998-06-14,45.8209932794,14.4118775872,45.8873256366,14.2884528257
1998-06-15,45.8369465288,14.4535464288,45.907151278,14.2933551952
1998-06-16,45.8244551412,14.385779363,45.9031858256,14.2708511574
1998-06-17,nan,nan,45.8993479671,14.3047305914
1998-06-18,45.8237628883,14.4256835118,45.8696900928,14.2741873877
1998-06-19,45.821979519,14.4289192086,45.9167710288,14.2848537209
1998-06-20,45.8223659923,14.416367468,45.901319064,14.2960067445
1998-06-21,nan,nan,45.9088601113,14.278832807
1998-06-22,45.8552205867,14.3361857993,45.9040566611,14.2663288151
1998-06-23,45.8602007483,14.3415997955,45.9145758778,14.2935832341
1998-06-24,45.8388191931,14.3395991983,45.9178592121,14.2790385221
1998-06-25,45.8292714282,14.3615930348,nan,nan
1998-06-26,45.8186531826,14.394529516,nan,nan
1998-06-27,nan,nan,nan,nan
1998-06-28,nan,nan,nan,nan
1998-06-29,nan,nan,45.9296300162,14.2908132773
1998-06-30,45.7819725331,14.435757933,45.9193880892,14.3080256106
1998-06-31,nan,nan,nan,nan
1998-07-01,45.7843155585,14.4550254463,45.8850803634,14.2891256934
1998-07-02,nan,nan,45.9248995719,14.4082018934
1998-07-03,45.8199993852,14.3938714751,nan,nan
1998-07-04,nan,nan,45.9143827074,14.2987420018
1998-07-05,nan,nan,nan,nan
1998-07-06,45.8333967127,14.3753833455,45.9035464538,14.2924343126
1998-07-07,45.8155914923,14.4112910563,45.9345743965,14.2901054791
1998-07-08,45.8371186154,14.4426027568,45.9346577027,14.3036446797
1998-07-09,nan,nan,45.9300958439,14.2933862267
1998-07-10,45.8246301106,14.4192395696,45.9161742101,14.2974303146
1998-07-11,45.8139936341,14.4518408267,nan,nan
1998-07-12,nan,nan,nan,nan
1998-07-13,nan,nan,45.9295360429,14.2901697598
1998-07-14,45.8230669793,14.4215080188,nan,nan
1998-07-15,nan,nan,45.930477403,14.2824210383
1998-07-16,nan,nan,45.9321952735,14.3056097368
1998-07-17,45.8083763421,14.4531825609,45.9321201842,14.2933605181
1998-07-18,nan,nan,45.9004193519,14.2960181159
1998-07-19,nan,nan,nan,nan
1998-07-20,45.8255780866,14.3854452562,45.9252009286,14.3021513551
1998-07-21,45.8317769307,14.4091896738,45.9005823155,14.286028168
1998-07-22,45.8312083758,14.3866704477,45.9036088763,14.2666569214
1998-07-23,nan,nan,45.8958608473,14.2864108429
1998-07-24,45.8188317609,14.3858411978,45.8973275285,14.3054001507
1998-07-25,45.8244534113,14.3854576318,45.9140112258,14.3116373859
1998-07-26,nan,nan,nan,nan
1998-07-27,45.8209965894,14.4125210129,45.9203324468,14.3154268676
1998-07-28,45.8249239814,14.3893134896,45.9135535975,14.3103539841
1998-07-29,45.8269225009,14.3844651682,45.9127684835,14.2923171244
1998-07-30,nan,nan,45.8941608684,14.3025402568
1998-07-31,45.8200951895,14.4122087681,45.9094951546,14.3087930428
1998-08-01,45.832762127,14.3827918023,nan,nan
1998-08-02,nan,nan,nan,nan
1998-08-03,45.8334369309,14.3827843427,45.917267029,14.2922599387
1998-08-04,45.8229132905,14.3919094055,45.8871047178,14.2890998705
1998-08-05,45.8247196155,14.3931767457,45.9035344676,14.2905012227
1998-08-06,nan,nan,45.9291701497,14.289207361
1998-08-07,45.8174190311,14.4167408625,45.9206727579,14.2973735354
1998-08-08,45.8323087796,14.3821532227,45.9054227399,14.2688885627
1998-08-09,nan,nan,nan,nan
1998-08-10,45.8257727269,14.4227670236,45.9165470934,14.3219190633
1998-08-11,45.838233864,14.4406606436,45.9031991071,14.3091933885
1998-08-12,45.8164208255,14.3977707504,45.8979012622,14.2889621013
1998-08-13,45.8241090836,14.4054098131,45.8875485586,14.2881278647
1998-08-14,45.8200984976,14.4128521835,nan,nan
1998-08-15,45.8215378942,14.3870983773,45.8983790932,14.2934664829
1998-08-16,nan,nan,45.8868737741,14.2881364845
1998-08-17,45.8233631614,14.3919045075,45.8712543516,14.2725569234
1998-08-18,nan,nan,45.9136861171,14.2952058524
1998-08-19,45.8203168141,14.4115629832,45.9188574582,14.2948180835
1998-08-20,45.8231158907,14.3877245465,45.9234883857,14.3165484114
1998-08-21,45.8233545889,14.3902958812,45.9342469538,14.3100975175
1998-08-22,45.8234692339,14.4121732606,45.9109162202,14.3206986407
1998-08-23,nan,nan,nan,nan
1998-08-24,45.8255331252,14.4198736921,45.896804597,14.2934864522
1998-08-25,45.8325441377,14.3840813996,45.8919972078,14.3167415126
1998-08-26,45.8056542523,14.4036763355,45.9072517138,14.3097875747
1998-08-27,45.8341818487,14.440057627,nan,nan
1998-08-28,45.821443152,14.4118728504,45.8862909141,14.3409695194
1998-08-29,45.8303579201,14.4400959738,nan,nan
1998-08-30,nan,nan,nan,nan
1998-08-31,nan,nan,nan,nan
1998-09-01,nan,nan,45.9034162375,14.3079018702
1998-09-02,nan,nan,nan,nan
1998-09-03,nan,nan,45.905692754,14.3123846519
1998-09-04,45.8438635756,14.4418916751,nan,nan
1998-09-05,45.8410125755,14.4116666913,nan,nan
1998-09-06,nan,nan,nan,nan
1998-09-07,45.8212966571,14.4273175301,45.8777875014,14.274081965
1998-09-08,45.8314983278,14.4433024462,45.9285452078,14.2972741392
1998-09-09,45.8251454757,14.3886675591,45.9324182415,14.3052845798
1998-09-10,45.821979519,14.4289192086,45.9072556043,14.3104319836
1998-09-11,45.822403549,14.4237670588,nan,nan
1998-09-12,45.8314983278,14.4433024462,nan,nan
1998-09-13,nan,nan,nan,nan
1998-09-14,45.8031900036,14.4056323945,45.9170759009,14.2977412203
1998-09-15,45.8254986213,14.4131171695,45.9296380106,14.292102608
1998-09-16,45.8223937978,14.4218367294,45.9061503593,14.3136678903
1998-09-17,45.8386963114,14.4432306681,45.9157084759,14.2948579725
1998-09-18,45.817189164,14.4157781374,45.9335721716,14.3101058849
1998-09-19,45.8393553951,14.4400057337,nan,nan
1998-09-20,nan,nan,45.9192232216,14.3180188914
1998-09-21,45.8194335908,14.4147895003,nan,nan
1998-09-22,45.833291546,14.4419973624,45.9244652347,14.3295584717
1998-09-23,45.8233016729,14.4234360494,nan,nan
1998-09-24,45.8185715006,14.4221980072,45.916424101,14.3393237647
1998-09-25,45.8233081594,14.4247229568,nan,nan
1998-09-26,45.8215695605,14.4369667395,45.8944752807,14.3173554315
1998-09-27,nan,nan,45.9341165263,14.288821785
1998-09-28,45.8215472776,14.4324626959,45.9215025518,14.2860821745
1998-09-29,nan,nan,nan,nan
1998-09-30,nan,nan,45.9242779433,14.3360072683
1998-09-31,nan,nan,nan,nan
1998-10-01,45.8248599489,14.4202024372,45.9028795922,14.3311071673
1998-10-02,45.8167524202,14.4183563515,nan,nan
1998-10-03,nan,nan,nan,nan
1998-10-04,nan,nan,nan,nan
1998-10-05,45.8337492661,14.4436018066,45.9048357595,14.2827514955
1998-10-06,45.8049961826,14.406899739,45.9142133881,14.2716735521
1998-10-07,nan,nan,45.9037030271,14.2814772512
1998-10-08,45.823764505,14.4260052414,45.9014537547,14.2815062676
1998-10-09,45.8199685199,14.3880807705,45.9152546423,14.294219171
1998-10-10,45.8066022982,14.412993995,nan,nan
1998-10-11,nan,nan,nan,nan
1998-10-12,45.8313683701,14.4172387485,45.9157940298,14.2726197074
1998-10-13,nan,nan,nan,nan
1998-10-14,45.8193245783,14.3938787974,nan,nan
1998-10-15,45.8183821339,14.429277701,45.916813181,14.2916211409
1998-10-16,nan,nan,nan,nan
1998-10-17,45.8224719692,14.3935229044,45.9326510003,14.3065711759
1998-10-18,nan,nan,nan,nan
1998-10-19,nan,nan,nan,nan
1998-10-20,45.8158493963,14.4177223518,45.9167739339,14.3222385839
1998-10-21,45.817694439,14.4267110366,45.901456668,14.3575442368
1998-10-22,nan,nan,nan,nan
1998-10-23,45.8244826973,14.3909270669,nan,nan
1998-10-24,45.8306539149,14.4095233422,nan,nan
1998-10-25,nan,nan,nan,nan
1998-10-26,45.8168379391,14.4354058969,45.9122315282,14.3535528339
1998-10-27,45.8221947917,14.4269865844,45.91334888,14.3522508059
1998-10-28,45.8264990865,14.4330558995,45.9077835994,14.3626269512
1998-10-29,nan,nan,nan,nan
1998-10-30,nan,nan,45.9003770116,14.3656114049
1998-10-31,45.8201133393,14.4157475545,45.9326490438,14.3062488247
1998-11-01,nan,nan,nan,nan
1998-11-02,45.8219698548,14.426988892,nan,nan
1998-11-03,nan,nan,nan,nan
1998-11-04,45.8208692685,14.4318261257,45.9082406426,14.3639106565
1998-11-05,45.8156700053,14.4267318108,45.9070962045,14.3603792263
1998-11-06,45.8194971615,14.427335979,nan,nan
1998-11-07,45.8197204856,14.4270119666,45.8983347004,14.3624128956
1998-11-08,45.8215199811,14.4269935072,45.9021657128,14.3636578386
1998-11-09,nan,nan,nan,nan
1998-11-10,nan,nan,nan,nan
1998-11-11,nan,nan,45.9034319439,14.4806042158
1998-11-12,nan,nan,nan,nan
1998-11-13,45.8253130852,14.4208412433,45.9109380179,14.3635575932
1998-11-14,nan,nan,nan,nan
1998-11-15,nan,nan,nan,nan
1998-11-16,45.8246626353,14.4256742596,45.9046002602,14.3565413354
1998-11-17,45.8190472875,14.4273405909,45.905321917,14.3649106454
1998-11-18,nan,nan,nan,nan
1998-11-19,nan,nan,nan,nan
1998-11-20,45.8190472875,14.4273405909,45.9007891134,14.3588407004
1998-11-21,nan,nan,nan,nan
1998-11-22,nan,nan,nan,nan
1998-11-23,45.8190472875,14.4273405909,nan,nan
1998-11-24,nan,nan,nan,nan
1998-11-25,nan,nan,nan,nan
1998-11-26,nan,nan,45.8780733962,14.2837400371
1998-11-27,nan,nan,45.8773945722,14.2831046473
1998-11-28,nan,nan,nan,nan
1998-11-29,nan,nan,nan,nan
1998-11-30,45.8212966571,14.4273175301,45.9064123836,14.3587759626
1998-11-31,nan,nan,nan,nan
1998-12-01,45.8212966571,14.4273175301,45.9064123836,14.3587759626
1998-12-02,nan,nan,nan,nan
1998-12-03,nan,nan,nan,nan
1998-12-04,nan,nan,nan,nan
1998-12-05,nan,nan,nan,nan
1998-12-06,nan,nan,nan,nan
1998-12-07,45.8212966571,14.4273175301,nan,nan
1998-12-08,45.8212966571,14.4273175301,45.9086435631,14.3555279063
1998-12-09,45.8212966571,14.4273175301,nan,nan
1998-12-10,nan,nan,nan,nan
1998-12-11,45.8212966571,14.4273175301,45.9079705884,14.3558579274
1998-12-12,nan,nan,nan,nan
1998-12-13,nan,nan,nan,nan
1998-12-14,45.8212966571,14.4273175301,45.9075189107,14.355540922
1998-12-15,45.8482890222,14.4270405872,nan,nan
1998-12-16,45.8212966571,14.4273175301,45.9075189107,14.355540922
1998-12-17,45.8482890222,14.4270405872,45.9075189107,14.355540922
1998-12-18,45.8212966571,14.4273175301,45.9075189107,14.355540922
1998-12-19,nan,nan,nan,nan
1998-12-20,nan,nan,nan,nan
1998-12-21,nan,nan,nan,nan
1998-12-22,45.8212966571,14.4273175301,45.9075189107,14.355540922
1998-12-23,45.8212966571,14.4273175301,45.9075189107,14.355540922
1998-12-24,nan,nan,nan,nan
1998-12-25,nan,nan,nan,nan
1998-12-26,nan,nan,nan,nan
1998-12-27,nan,nan,nan,nan
1998-12-28,nan,nan,nan,nan
1998-12-29,nan,nan,nan,nan
1998-12-30,nan,nan,nan,nan
1998-12-31,nan,nan,nan,nan
1999-01-01,nan,nan,nan,nan
1999-01-02,nan,nan,nan,nan
1999-01-03,nan,nan,nan,nan
1999-01-04,nan,nan,nan,nan
1999-01-05,nan,nan,nan,nan
1999-01-06,nan,nan,nan,nan
1999-01-07,45.8219714678,14.4273106114,45.9075189107,14.355540922
1999-01-08,nan,nan,nan,nan
1999-01-09,nan,nan,nan,nan
1999-01-10,nan,nan,nan,nan
1999-01-11,nan,nan,nan,nan
1999-01-12,nan,nan,nan,nan
1999-01-13,nan,nan,nan,nan
1999-01-14,45.8219714678,14.4273106114,45.9075189107,14.355540922
1999-01-15,nan,nan,nan,nan
1999-01-16,nan,nan,nan,nan
1999-01-17,nan,nan,nan,nan
1999-01-18,nan,nan,nan,nan
1999-01-19,45.8219714678,14.4273106114,45.9075189107,14.355540922
1999-01-20,nan,nan,nan,nan
1999-01-21,45.8219714678,14.4273106114,45.9075189107,14.355540922
1999-01-22,nan,nan,nan,nan
1999-01-23,nan,nan,nan,nan
1999-01-24,nan,nan,nan,nan
1999-01-25,45.8219714678,14.4273106114,45.9075189107,14.355540922
1999-01-26,45.8219714678,14.4273106114,45.9075189107,14.355540922
1999-01-27,nan,nan,nan,nan
1999-01-28,nan,nan,nan,nan
1999-01-29,nan,nan,nan,nan
1999-01-30,nan,nan,nan,nan
1999-01-31,nan,nan,nan,nan
1999-02-01,45.8219714678,14.4273106114,45.9075189107,14.355540922
1999-02-02,nan,nan,nan,nan
1999-02-03,nan,nan,nan,nan
1999-02-04,nan,nan,nan,nan
1999-02-05,nan,nan,nan,nan
1999-02-06,45.8219714678,14.4273106114,45.9075189107,14.355540922
1999-02-07,nan,nan,nan,nan
1999-02-08,nan,nan,nan,nan
1999-02-09,45.8219714678,14.4273106114,45.9075189107,14.355540922
1999-02-10,nan,nan,nan,nan
1999-02-11,nan,nan,nan,nan
1999-02-12,nan,nan,nan,nan
1999-02-13,45.8219714678,14.4273106114,45.9075189107,14.355540922
1999-02-14,nan,nan,nan,nan
1999-02-15,nan,nan,nan,nan
1999-02-16,nan,nan,nan,nan
1999-02-17,nan,nan,nan,nan
1999-02-18,nan,nan,nan,nan
1999-02-19,nan,nan,nan,nan
1999-02-20,nan,nan,nan,nan
1999-02-21,nan,nan,nan,nan
1999-02-22,nan,nan,nan,nan
1999-02-23,45.8219714678,14.4273106114,45.9075189107,14.355540922
1999-02-24,nan,nan,nan,nan
1999-02-25,nan,nan,nan,nan
1999-02-26,nan,nan,nan,nan
1999-02-27,45.8219714678,14.4273106114,45.9075189107,14.355540922
1999-02-28,nan,nan,nan,nan
1999-02-29,nan,nan,nan,nan
1999-02-30,nan,nan,nan,nan
1999-02-31,nan,nan,nan,nan
1999-03-01,nan,nan,nan,nan
1999-03-02,nan,nan,nan,nan
1999-03-03,nan,nan,nan,nan
1999-03-04,45.8219714678,14.4273106114,45.9075189107,14.355540922
1999-03-05,nan,nan,nan,nan
1999-03-06,45.8219714678,14.4273106114,45.9075189107,14.355540922
1999-03-07,nan,nan,nan,nan
1999-03-08,nan,nan,nan,nan
1999-03-09,nan,nan,nan,nan
1999-03-10,nan,nan,nan,nan
1999-03-11,45.8219714678,14.4273106114,45.9075189107,14.355540922
1999-03-12,nan,nan,nan,nan
1999-03-13,nan,nan,nan,nan
1999-03-14,nan,nan,nan,nan
1999-03-15,45.8219714678,14.4273106114,45.9075189107,14.355540922
1999-03-16,nan,nan,nan,nan
1999-03-17,nan,nan,nan,nan
1999-03-18,45.8219714678,14.4273106114,45.9075189107,14.355540922
1999-03-19,nan,nan,nan,nan
1999-03-20,nan,nan,nan,nan
1999-03-21,nan,nan,nan,nan
1999-03-22,nan,nan,nan,nan
1999-03-23,45.8219714678,14.4273106114,45.9075189107,14.355540922
1999-03-24,nan,nan,nan,nan
1999-03-25,nan,nan,nan,nan
1999-03-26,nan,nan,nan,nan
1999-03-27,45.8219714678,14.4273106114,45.9075189107,14.355540922
1999-03-28,nan,nan,nan,nan
1999-03-29,nan,nan,nan,nan
1999-03-30,45.8219714678,14.4273106114,45.9075189107,14.355540922
1999-03-31,nan,nan,nan,nan
1999-04-01,nan,nan,nan,nan
1999-04-02,nan,nan,nan,nan
1999-04-03,nan,nan,nan,nan
1999-04-04,nan,nan,nan,nan
1999-04-05,nan,nan,nan,nan
1999-04-06,45.830318219,14.4320517724,45.9321504517,14.3359133253
1999-04-07,nan,nan,nan,nan
1999-04-08,nan,nan,nan,nan
1999-04-09,nan,nan,nan,nan
1999-04-10,45.8282664696,14.4266025131,45.9299328766,14.3414199077
1999-04-11,nan,nan,nan,nan
1999-04-12,nan,nan,nan,nan
1999-04-13,nan,nan,nan,nan
1999-04-14,45.8273667231,14.4266117515,45.9321523245,14.3362356756
1999-04-15,nan,nan,nan,nan
1999-04-16,nan,nan,nan,nan
1999-04-17,45.8269249114,14.42822511,45.9276984175,14.3440251269
1999-04-18,nan,nan,nan,nan
1999-04-19,45.8291613678,14.4256279921,45.9250121948,14.3463131082
1999-04-20,nan,nan,nan,nan
1999-04-21,45.8200669242,14.4067397412,45.9261331523,14.345655266
1999-04-22,nan,nan,nan,nan
1999-04-23,nan,nan,nan,nan
1999-04-24,nan,nan,nan,nan
1999-04-25,nan,nan,nan,nan
1999-04-26,nan,nan,nan,nan
1999-04-27,nan,nan,nan,nan
1999-04-28,nan,nan,nan,nan
1999-04-29,nan,nan,nan,nan
1999-04-30,nan,nan,nan,nan
1999-04-31,nan,nan,nan,nan
1999-05-01,nan,nan,nan,nan
1999-05-02,nan,nan,nan,nan
1999-05-03,45.8213896979,14.4015779705,45.9261331523,14.345655266
1999-05-04,nan,nan,nan,nan
1999-05-05,nan,nan,nan,nan
1999-05-06,45.806278296,14.3940203093,45.9270310235,14.3453223657
1999-05-07,nan,nan,nan,nan
1999-05-08,nan,nan,nan,nan
1999-05-09,nan,nan,nan,nan
1999-05-10,nan,nan,nan,nan
1999-05-11,45.8031648067,14.4008082476,45.9296220073,14.2895239471
1999-05-12,nan,nan,nan,nan
1999-05-13,nan,nan,nan,nan
1999-05-14,45.8042776607,14.3985448784,45.9273203328,14.2811723704
1999-05-15,nan,nan,nan,nan
1999-05-16,nan,nan,nan,nan
1999-05-17,nan,nan,nan,nan
1999-05-18,45.7795430455,14.4004183436,45.9284752757,14.2859927227
1999-05-19,nan,nan,nan,nan
1999-05-20,nan,nan,nan,nan
1999-05-21,nan,nan,nan,nan
1999-05-22,nan,nan,nan,nan
1999-05-23,45.7810921994,14.3955792274,nan,nan
1999-05-24,nan,nan,nan,nan
1999-05-25,nan,nan,nan,nan
1999-05-26,nan,nan,nan,nan
1999-05-27,nan,nan,nan,nan
1999-05-28,nan,nan,nan,nan
1999-05-29,nan,nan,nan,nan
1999-05-30,nan,nan,nan,nan
1999-05-31,nan,nan,nan,nan
1999-06-01,45.7822287683,14.3978174963,45.9296059458,14.2869452884
1999-06-02,nan,nan,nan,nan
1999-06-03,nan,nan,nan,nan
1999-06-04,nan,nan,nan,nan
1999-06-05,nan,nan,nan,nan
1999-06-06,nan,nan,nan,nan
1999-06-07,nan,nan,nan,nan
1999-06-08,45.7822117791,14.3946026077,45.9183535769,14.2861225612
1999-06-09,nan,nan,nan,nan
1999-06-10,45.7822117791,14.3946026077,45.9036377343,14.2711674487
1999-06-11,nan,nan,nan,nan
1999-06-12,nan,nan,nan,nan
1999-06-13,nan,nan,nan,nan
1999-06-14,45.8062765898,14.3936986822,45.893577242,14.2809635514
1999-06-15,nan,nan,nan,nan
1999-06-16,nan,nan,nan,nan
1999-06-17,nan,nan,nan,nan
1999-06-18,45.8071763343,14.3936889207,45.9093464213,14.2846268408
1999-06-19,nan,nan,nan,nan
1999-06-20,nan,nan,nan,nan
1999-06-21,nan,nan,nan,nan
1999-06-22,45.8235939957,14.436946332,45.9246374068,14.2837856577
1999-06-23,nan,nan,nan,nan
1999-06-24,45.8218055728,14.439216505,45.9321400718,14.296583992
1999-06-25,nan,nan,nan,nan
1999-06-26,nan,nan,nan,nan
1999-06-27,nan,nan,nan,nan
1999-06-28,nan,nan,nan,nan
1999-06-29,45.8207350437,14.4054457299,45.9194982989,14.2893308749
1999-06-30,nan,nan,nan,nan
1999-06-31,nan,nan,nan,nan
1999-07-01,45.8207148902,14.4015852,45.8972862059,14.298635078
1999-07-02,nan,nan,nan,nan
1999-07-03,nan,nan,nan,nan
1999-07-04,nan,nan,nan,nan
1999-07-05,nan,nan,nan,nan
1999-07-06,45.8106865783,14.4660267881,45.8849728937,14.27205578
1999-07-07,nan,nan,nan,nan
1999-07-08,nan,nan,nan,nan
1999-07-09,nan,nan,nan,nan
1999-07-10,nan,nan,nan,nan
1999-07-11,nan,nan,nan,nan
1999-07-12,nan,nan,nan,nan
1999-07-13,45.8248198235,14.4578478722,45.9289150472,14.2843753099
1999-07-14,45.8215209417,14.4739665551,45.9300396788,14.2843608462
1999-07-15,nan,nan,nan,nan
1999-07-16,nan,nan,nan,nan
1999-07-17,nan,nan,nan,nan
1999-07-18,nan,nan,nan,nan
1999-07-19,nan,nan,nan,nan
1999-07-20,nan,nan,nan,nan
1999-07-21,nan,nan,nan,nan
1999-07-22,nan,nan,nan,nan
1999-07-23,nan,nan,nan,nan
1999-07-24,nan,nan,nan,nan
1999-07-25,nan,nan,nan,nan
1999-07-26,nan,nan,nan,nan
1999-07-27,45.8236314719,14.4446034958,45.9295797218,14.2827549726
1999-07-28,nan,nan,nan,nan
1999-07-29,45.8236039136,14.4868167466,45.9273546694,14.2866517908
1999-07-30,45.8229247575,14.4858577628,45.9190952011,14.3344576078
1999-07-31,nan,nan,nan,nan
1999-08-01,nan,nan,nan,nan
1999-08-02,nan,nan,nan,nan
1999-08-03,nan,nan,nan,nan
1999-08-04,nan,nan,nan,nan
1999-08-05,nan,nan,nan,nan
1999-08-06,nan,nan,nan,nan
1999-08-07,nan,nan,nan,nan
1999-08-08,nan,nan,nan,nan
1999-08-09,nan,nan,nan,nan
1999-08-10,nan,nan,nan,nan
1999-08-11,nan,nan,nan,nan
1999-08-12,nan,nan,nan,nan
1999-08-13,nan,nan,nan,nan
1999-08-14,nan,nan,nan,nan
1999-08-15,nan,nan,nan,nan
1999-08-16,nan,nan,nan,nan
1999-08-17,nan,nan,nan,nan
1999-08-18,nan,nan,nan,nan
1999-08-19,nan,nan,nan,nan
1999-08-20,nan,nan,nan,nan
1999-08-21,nan,nan,nan,nan
1999-08-22,nan,nan,nan,nan
1999-08-23,nan,nan,nan,nan
1999-08-24,nan,nan,nan,nan
1999-08-25,nan,nan,nan,nan
1999-08-26,nan,nan,nan,nan
1999-08-27,nan,nan,nan,nan
1999-08-28,nan,nan,nan,nan
1999-08-29,nan,nan,nan,nan
1999-08-30,nan,nan,nan,nan
1999-08-31,nan,nan,nan,nan
1999-09-01,nan,nan,nan,nan
1999-09-02,nan,nan,nan,nan
1999-09-03,nan,nan,nan,nan
1999-09-04,nan,nan,nan,nan
1999-09-05,nan,nan,nan,nan
1999-09-06,nan,nan,nan,nan
1999-09-07,nan,nan,nan,nan
1999-09-08,45.8266940976,14.3838241593,nan,nan
1999-09-09,nan,nan,nan,nan
1999-09-10,nan,nan,nan,nan
1999-09-11,nan,nan,nan,nan
1999-09-12,nan,nan,nan,nan
1999-09-13,nan,nan,nan,nan
1999-09-14,nan,nan,nan,nan
1999-09-15,nan,nan,45.8962905401,14.2831836876
1999-09-16,nan,nan,nan,nan
1999-09-17,nan,nan,nan,nan
1999-09-18,nan,nan,nan,nan
1999-09-19,nan,nan,nan,nan
1999-09-20,nan,nan,nan,nan
1999-09-21,nan,nan,nan,nan
1999-09-22,nan,nan,nan,nan
1999-09-23,nan,nan,45.9206687929,14.2967289731
1999-09-24,nan,nan,nan,nan
1999-09-25,nan,nan,nan,nan
1999-09-26,nan,nan,nan,nan
1999-09-27,nan,nan,nan,nan
1999-09-28,nan,nan,nan,nan
1999-09-29,nan,nan,nan,nan
1999-09-30,nan,nan,nan,nan
1999-09-31,nan,nan,nan,nan
1999-10-01,nan,nan,nan,nan
1999-10-02,nan,nan,nan,nan
1999-10-03,nan,nan,nan,nan
1999-10-04,nan,nan,nan,nan
1999-10-05,nan,nan,nan,nan
1999-10-06,nan,nan,nan,nan
1999-10-07,nan,nan,nan,nan
1999-10-08,nan,nan,nan,nan
1999-10-09,nan,nan,nan,nan
1999-10-10,nan,nan,nan,nan
1999-10-11,nan,nan,nan,nan
1999-10-12,nan,nan,nan,nan
1999-10-13,nan,nan,nan,nan
1999-10-14,nan,nan,nan,nan
1999-10-15,nan,nan,nan,nan
1999-10-16,nan,nan,nan,nan
1999-10-17,nan,nan,nan,nan
1999-10-18,nan,nan,nan,nan
1999-10-19,nan,nan,nan,nan
1999-10-20,nan,nan,nan,nan
1999-10-21,nan,nan,nan,nan
1999-10-22,nan,nan,nan,nan
1999-10-23,nan,nan,nan,nan
1999-10-24,nan,nan,nan,nan
1999-10-25,nan,nan,nan,nan
1999-10-26,nan,nan,nan,nan
1999-10-27,nan,nan,nan,nan
1999-10-28,nan,nan,nan,nan
1999-10-29,nan,nan,nan,nan
1999-10-30,nan,nan,nan,nan
1999-10-31,nan,nan,nan,nan
1999-11-01,nan,nan,nan,nan
1999-11-02,nan,nan,nan,nan
1999-11-03,nan,nan,nan,nan
1999-11-04,nan,nan,nan,nan
1999-11-05,nan,nan,nan,nan
1999-11-06,nan,nan,nan,nan
1999-11-07,nan,nan,nan,nan
1999-11-08,nan,nan,nan,nan
1999-11-09,nan,nan,nan,nan
1999-11-10,nan,nan,nan,nan
1999-11-11,nan,nan,nan,nan
1999-11-12,nan,nan,nan,nan
1999-11-13,nan,nan,nan,nan
1999-11-14,nan,nan,nan,nan
1999-11-15,nan,nan,nan,nan
1999-11-16,nan,nan,nan,nan
1999-11-17,nan,nan,nan,nan
1999-11-18,nan,nan,nan,nan
1999-11-19,nan,nan,nan,nan
1999-11-20,nan,nan,nan,nan
1999-11-21,nan,nan,nan,nan
1999-11-22,nan,nan,nan,nan
1999-11-23,nan,nan,nan,nan
1999-11-24,nan,nan,nan,nan
1999-11-25,nan,nan,nan,nan
1999-11-26,nan,nan,nan,nan
1999-11-27,nan,nan,nan,nan
1999-11-28,nan,nan,nan,nan
1999-11-29,nan,nan,nan,nan
1999-11-30,nan,nan,nan,nan
1999-11-31,nan,nan,nan,nan
1999-12-01,nan,nan,nan,nan
1999-12-02,nan,nan,nan,nan
1999-12-03,nan,nan,nan,nan
1999-12-04,nan,nan,nan,nan
1999-12-05,nan,nan,nan,nan
1999-12-06,nan,nan,nan,nan
1999-12-07,nan,nan,nan,nan
1999-12-08,nan,nan,nan,nan
1999-12-09,nan,nan,nan,nan
1999-12-10,nan,nan,nan,nan
1999-12-11,nan,nan,nan,nan
1999-12-12,nan,nan,nan,nan
1999-12-13,nan,nan,nan,nan
1999-12-14,nan,nan,nan,nan
1999-12-15,nan,nan,nan,nan
1999-12-16,nan,nan,nan,nan
1999-12-17,nan,nan,nan,nan
1999-12-18,nan,nan,nan,nan
1999-12-19,nan,nan,nan,nan
1999-12-20,nan,nan,nan,nan
1999-12-21,nan,nan,nan,nan
1999-12-22,nan,nan,nan,nan
1999-12-23,nan,nan,nan,nan
1999-12-24,nan,nan,nan,nan
1999-12-25,nan,nan,nan,nan
1999-12-26,nan,nan,nan,nan
1999-12-27,nan,nan,nan,nan
1999-12-28,nan,nan,nan,nan
1999-12-29,nan,nan,nan,nan
1999-12-30,nan,nan,nan,nan
1999-12-31,nan,nan,nan,nan
